HouseID,Area,Bedrooms,Bathrooms,Age,NearbySchools,NearbyParks,PublicTransportAccess,CrimeRate,Price
ID0001,1660,5,1,13,8,5,2,7,240771.91
ID0002,2094,5,2,17,1,4,0,4,278459.7
ID0003,1930,5,1,20,9,4,9,8,368664.09
ID0004,1895,4,2,30,0,1,4,1,233560.99
ID0005,2438,4,3,20,1,4,0,8,201703.66
ID0006,2969,5,1,4,4,0,0,7,352419.76
ID0007,1266,2,2,15,3,5,1,8,109993.63
ID0008,2038,3,3,19,3,1,3,3,388290.04
ID0009,1130,3,3,4,8,3,5,0,305609.35
ID0010,2282,3,2,2,10,5,7,0,342301.49
ID0011,2935,4,1,11,7,1,2,4,352752.06
ID0012,930,4,2,0,5,2,0,1,310820.06
ID0013,2485,2,3,20,0,3,2,7,333013.51
ID0014,1569,3,2,28,1,2,2,9,373515.28
ID0015,3191,3,1,8,5,5,4,10,401247.54
ID0016,2315,5,3,28,10,3,10,4,390980.96
ID0017,3233,4,2,8,1,4,3,4,447846.58
ID0018,2015,3,1,3,9,1,3,1,175777.37
ID0019,1755,2,3,2,4,5,8,6,260459.19
ID0020,3124,2,1,16,4,0,6,7,479118.43
ID0021,1984,3,3,1,5,3,3,9,258636.23
ID0022,1259,4,2,23,5,3,2,0,149948.03
ID0023,821,2,1,0,5,5,5,1,310178.05
ID0024,3100,5,3,7,1,5,2,9,143796.39
ID0025,1547,2,1,12,9,2,5,3,181141.3
ID0026,1274,1,1,22,2,4,10,4,499327.5
ID0027,1882,1,2,14,5,2,10,1,316545.06
ID0028,3358,4,1,7,7,2,8,0,213623.36
ID0029,2847,3,3,11,10,4,5,8,497909.98
ID0030,1775,4,3,21,0,0,3,0,486623.57
ID0031,2606,4,3,11,0,2,4,3,276295.62
ID0032,989,4,3,13,10,2,5,1,204161.24
ID0033,1362,4,2,14,1,3,10,10,435359.86
ID0034,2699,5,1,14,10,4,2,3,386248.29
ID0035,2067,5,2,8,5,1,7,7,374776.57
ID0036,2328,2,1,18,8,0,3,7,457245.5
ID0037,1446,1,1,25,3,0,7,10,375766.85
ID0038,2868,4,1,19,2,4,9,8,213519.18
ID0039,3014,2,2,28,7,5,9,10,377545.26
ID0040,2097,1,1,21,10,5,2,4,222325.4
ID0041,3235,3,2,7,9,3,9,6,403695.59
ID0042,1400,5,3,20,8,3,6,2,347899.14
ID0043,3163,1,3,18,10,4,10,9,130964.62
ID0044,2861,3,1,5,4,3,8,3,305134.14
ID0045,1041,1,2,19,8,0,3,9,237320.39
ID0046,2841,5,3,24,1,0,7,8,231428.25
ID0047,3412,5,2,28,2,1,2,9,340902.52
ID0048,2163,2,2,18,6,5,6,9,228929.93
ID0049,2939,4,1,3,6,4,2,0,410757.5
ID0050,2190,1,3,22,5,2,6,1,128316.57
ID0051,2278,1,1,6,5,5,10,4,364155.3
ID0052,3356,3,1,27,1,2,9,2,423677.92
ID0053,1575,5,3,27,9,1,9,1,369132.68
ID0054,834,1,3,3,5,1,10,0,298891.68
ID0055,3053,5,2,21,3,3,10,9,480122.81
ID0056,2755,1,3,11,2,1,5,2,219975.4
ID0057,2385,2,2,12,10,1,1,0,107667.16
ID0058,1821,4,2,2,1,2,10,0,272795.75
ID0059,3413,1,2,21,0,3,2,0,113204.77
ID0060,1929,5,3,11,10,1,5,7,481574.7
ID0061,2300,2,1,1,10,5,3,2,183967.22
ID0062,1502,1,2,23,4,1,5,10,415570.81
ID0063,3249,3,1,1,1,3,0,0,409828.83
ID0064,2379,4,1,26,1,4,9,6,187091.56
ID0065,961,1,3,22,6,3,0,9,348490.61
ID0066,1001,2,1,8,7,2,2,2,119231.59
ID0067,2781,3,1,0,9,4,7,7,293429.83
ID0068,1795,2,3,7,7,5,7,3,105858.85
ID0069,3117,2,2,22,3,0,10,3,468457.55
ID0070,1615,3,1,5,0,3,3,4,490434.41
ID0071,1255,2,3,5,10,2,5,5,188913.11
ID0072,2075,3,1,21,6,5,7,6,183242.41
ID0073,1816,1,1,24,0,4,6,3,401488.07
ID0074,3143,3,2,17,10,5,10,7,201351.76
ID0075,1137,3,1,16,3,3,6,5,458030.62
ID0076,1678,4,3,28,7,1,3,0,329571.65
ID0077,1876,3,1,11,1,3,8,0,240311.05
ID0078,1591,3,2,5,5,0,9,8,433077.5
ID0079,3064,1,2,25,5,3,5,9,297362.68
ID0080,1563,4,3,26,8,4,10,5,464653.17
ID0081,3035,5,2,7,4,4,2,9,471205.69
ID0082,1179,1,1,18,9,3,4,7,166168.06
ID0083,1292,1,2,27,3,4,4,6,100929.36
ID0084,1980,5,3,9,4,1,4,5,493572.38
ID0085,2862,3,2,0,9,5,7,3,462455.01
ID0086,864,2,2,24,10,3,8,6,122178.09
ID0087,3368,4,2,28,4,1,8,8,433213.71
ID0088,2167,2,3,12,7,5,5,10,283121.97
ID0089,1952,5,2,16,9,5,5,9,203584.64
ID0090,2827,1,2,2,7,1,8,9,451498.61
ID0091,3495,1,1,7,1,2,3,6,178666.89
ID0092,2295,4,3,13,6,3,5,0,478920.0
ID0093,1962,1,2,2,7,5,3,9,182248.6
ID0094,2322,1,3,15,10,5,10,8,345473.28
ID0095,3440,4,2,12,5,4,0,3,189234.53
ID0096,1191,4,2,19,4,5,6,2,318267.47
ID0097,2498,5,2,23,10,1,9,3,373590.05
ID0098,1218,1,1,16,8,5,10,3,176091.17
ID0099,3136,1,1,12,2,2,5,9,308354.31
ID0100,1178,5,1,28,9,3,8,10,287623.9
ID0101,2596,3,3,5,3,3,6,1,128414.97
ID0102,3078,3,3,16,8,5,6,0,427323.13
ID0103,2888,3,1,13,5,0,1,9,234272.96
ID0104,2982,5,3,16,7,0,10,0,329832.88
ID0105,1000,1,2,29,6,1,8,7,305913.69
ID0106,2663,5,2,7,10,0,9,1,305304.2
ID0107,1579,5,2,10,1,1,8,9,142888.96
ID0108,1302,3,1,19,2,4,5,4,269392.8
ID0109,3254,2,3,27,0,1,2,3,280946.7
ID0110,2551,1,1,0,8,0,0,7,393457.14
ID0111,1604,3,3,25,6,5,3,1,436007.53
ID0112,2946,2,2,6,0,4,2,9,317992.91
ID0113,2695,2,1,20,2,0,0,8,134713.18
ID0114,2370,4,3,20,3,1,2,6,194739.79
ID0115,1760,1,3,16,3,2,3,6,165973.61
ID0116,3460,2,2,29,4,3,7,0,149846.03
ID0117,2285,3,1,9,2,0,8,1,246359.72
ID0118,3490,4,1,10,2,1,2,3,191757.4
ID0119,1828,1,1,21,0,4,5,3,187321.24
ID0120,1302,5,2,29,6,0,9,10,121877.27
ID0121,1197,3,1,8,10,0,10,2,107068.02
ID0122,1670,2,2,8,9,3,4,6,141107.3
ID0123,1192,2,2,23,0,1,5,7,168878.99
ID0124,1006,3,2,4,1,2,3,1,272393.49
ID0125,1838,2,3,16,3,4,9,3,304208.1
ID0126,2681,4,1,8,3,1,5,2,156236.77
ID0127,2284,1,1,16,4,4,6,1,269913.34
ID0128,1663,4,2,23,10,0,8,5,236699.54
ID0129,1363,2,2,20,1,3,9,3,173369.46
ID0130,1820,5,1,18,3,3,6,5,102736.3
ID0131,895,1,2,26,0,5,5,1,286807.15
ID0132,2723,1,1,6,1,2,0,3,374260.7
ID0133,2557,3,3,22,0,3,1,10,190510.93
ID0134,3332,3,2,8,9,0,0,5,152722.73
ID0135,3078,5,1,6,9,2,8,4,454817.1
ID0136,2478,1,2,12,3,1,9,2,210009.91
ID0137,1340,5,1,10,3,3,9,7,189445.05
ID0138,1859,3,1,13,6,2,8,6,442838.78
ID0139,3372,3,2,18,9,0,6,2,426842.84
ID0140,1983,1,3,10,10,5,1,5,279338.59
ID0141,2522,4,1,12,10,4,5,3,295695.54
ID0142,2619,2,1,30,8,4,10,10,187099.48
ID0143,3425,3,1,13,8,0,3,4,131320.67
ID0144,3404,3,3,12,4,0,0,10,329372.73
ID0145,2397,4,3,0,9,4,0,4,139337.97
ID0146,3493,4,2,7,0,5,4,6,279709.82
ID0147,1595,5,3,11,0,2,1,10,476198.88
ID0148,1851,5,2,18,5,4,3,4,481133.76
ID0149,2443,2,2,11,1,0,0,10,195732.91
ID0150,2163,2,3,7,7,3,3,2,349645.37
ID0151,2781,1,2,7,8,1,10,9,289630.51
ID0152,2154,5,3,28,3,5,5,4,450274.05
ID0153,2463,3,2,20,4,5,9,6,208572.35
ID0154,2329,5,3,12,10,3,3,4,101480.96
ID0155,2838,3,3,11,7,3,0,4,165024.48
ID0156,2296,4,2,28,2,0,6,8,239809.12
ID0157,3037,5,1,15,4,4,1,2,226288.45
ID0158,2208,4,2,0,2,2,8,5,416545.17
ID0159,2200,2,3,12,9,5,2,0,372224.27
ID0160,2106,2,1,25,2,5,7,9,219822.53
ID0161,3480,1,2,6,2,3,7,4,283097.53
ID0162,3475,5,2,27,6,4,2,7,138223.64
ID0163,1772,4,2,25,6,5,3,4,459258.58
ID0164,2568,3,1,4,6,2,1,8,474169.93
ID0165,2082,2,3,7,9,3,3,10,491921.41
ID0166,1509,2,2,24,7,2,10,5,447421.13
ID0167,2279,3,2,26,4,4,10,7,169584.36
ID0168,2234,4,2,13,4,5,10,9,118478.59
ID0169,1448,4,2,22,3,1,8,7,331838.69
ID0170,1117,5,2,29,6,5,1,2,465042.01
ID0171,2057,5,3,12,9,4,2,6,170940.54
ID0172,1483,1,3,14,3,5,10,6,102817.17
ID0173,1463,2,2,22,1,5,10,9,422198.42
ID0174,2798,5,1,16,3,0,3,5,130718.27
ID0175,2431,4,3,14,7,5,4,6,265482.41
ID0176,2295,3,1,19,8,5,0,1,371554.93
ID0177,1936,4,3,17,2,2,6,8,194719.03
ID0178,2653,2,2,17,6,1,9,9,133585.03
ID0179,2320,4,3,1,8,2,6,9,408008.49
ID0180,3289,1,2,3,10,2,8,0,352070.03
ID0181,1363,2,3,29,3,3,3,0,495396.19
ID0182,2091,3,2,0,9,0,5,2,237723.21
ID0183,2436,1,2,30,2,2,10,2,124704.95
ID0184,1498,2,2,3,4,4,1,0,393740.01
ID0185,2960,3,2,17,0,4,3,6,308693.37
ID0186,801,1,1,4,2,5,1,3,185281.57
ID0187,1441,1,2,18,7,3,9,9,412691.6
ID0188,3067,2,1,14,10,0,4,1,181502.19
ID0189,2389,5,1,27,7,0,6,9,204264.66
ID0190,1654,1,2,7,3,5,0,4,137011.42
ID0191,2559,1,1,19,1,4,9,5,259772.91
ID0192,3232,3,3,16,7,1,9,8,267571.69
ID0193,2461,4,2,0,7,3,6,3,305824.72
ID0194,1953,2,1,11,9,5,9,1,383585.71
ID0195,1876,2,2,25,3,3,5,4,462440.37
ID0196,2507,5,2,18,2,4,5,2,155093.64
ID0197,2495,5,2,14,1,4,7,1,121739.24
ID0198,2533,2,1,8,8,1,7,0,107412.49
ID0199,2239,5,3,6,0,1,5,9,157448.55
ID0200,3094,3,3,1,6,0,2,1,363179.79
ID0201,1635,2,1,30,4,3,4,5,390990.83
ID0202,1002,5,2,28,7,3,1,7,414602.29
ID0203,922,2,1,8,3,4,4,2,197483.28
ID0204,1200,4,1,9,6,0,8,10,222357.93
ID0205,1566,1,1,1,4,5,9,8,293253.86
ID0206,1093,2,2,18,4,3,0,8,125273.24
ID0207,3127,1,1,10,8,0,9,1,344456.61
ID0208,997,5,2,12,8,0,4,7,493494.01
ID0209,2730,1,1,9,8,4,5,9,244322.52
ID0210,2991,2,3,13,5,0,10,10,401138.99
ID0211,1408,4,1,17,5,1,6,4,300013.57
ID0212,1947,5,1,18,4,1,8,3,151124.74
ID0213,986,2,3,21,8,2,5,9,332894.98
ID0214,3311,5,2,8,9,4,4,4,219949.71
ID0215,2594,3,2,24,7,5,6,3,113761.28
ID0216,1459,1,1,6,6,2,0,7,353971.89
ID0217,2755,3,3,27,6,1,10,3,443572.94
ID0218,3250,2,2,2,5,2,4,9,237907.91
ID0219,2169,4,1,19,4,4,1,5,256118.22
ID0220,2786,5,3,5,3,4,3,1,456408.67
ID0221,2334,1,2,26,2,0,6,4,425443.53
ID0222,946,5,2,20,2,3,4,5,385981.13
ID0223,2534,2,3,1,5,0,5,4,199518.83
ID0224,2643,5,3,28,3,4,1,1,464086.66
ID0225,1288,1,3,5,5,1,2,6,161766.3
ID0226,2759,2,3,2,2,5,6,3,350708.21
ID0227,2463,5,1,15,3,1,10,7,111520.47
ID0228,3398,4,3,29,8,0,1,6,357487.92
ID0229,3185,2,2,7,4,5,5,6,210857.74
ID0230,1440,2,2,1,6,4,4,8,279870.79
ID0231,2602,4,1,16,9,1,9,0,238105.82
ID0232,3320,3,2,8,1,4,0,9,169102.7
ID0233,2769,1,2,29,4,5,10,5,348792.32
ID0234,2998,3,3,11,8,5,9,5,452790.22
ID0235,2238,5,2,2,10,1,10,5,483633.7
ID0236,2434,4,1,10,2,4,3,5,176938.55
ID0237,1062,3,3,0,8,2,10,9,386949.11
ID0238,2587,2,3,22,10,4,1,6,365735.75
ID0239,2991,5,1,12,5,5,3,9,237351.12
ID0240,3193,5,3,14,3,4,0,5,107639.68
ID0241,1423,3,3,25,6,0,1,0,375916.5
ID0242,1816,3,1,4,7,2,7,2,478197.94
ID0243,1680,4,3,20,5,3,5,1,352848.05
ID0244,2849,1,1,29,4,0,1,5,274117.09
ID0245,2127,3,1,16,5,3,5,7,310061.56
ID0246,3101,3,2,30,4,1,9,2,179851.52
ID0247,1252,2,2,30,7,3,8,9,400217.67
ID0248,1983,5,3,24,0,4,6,7,398567.93
ID0249,2856,1,3,22,10,3,8,7,158206.92
ID0250,2482,2,1,23,6,5,4,4,451191.35
ID0251,3055,4,3,24,9,0,6,7,207675.9
ID0252,1954,4,1,5,9,0,10,5,492902.42
ID0253,1203,3,1,27,10,3,6,4,253161.21
ID0254,2999,3,3,20,1,0,2,8,171153.62
ID0255,2901,4,1,21,8,5,6,6,240688.04
ID0256,2496,3,2,10,0,0,0,7,276072.13
ID0257,1427,1,3,17,10,3,8,0,127723.11
ID0258,1386,3,2,3,9,2,9,10,331287.35
ID0259,2448,5,3,2,5,2,5,1,339052.98
ID0260,2243,3,1,12,8,1,4,7,395572.18
ID0261,2245,2,3,22,0,0,6,8,111667.96
ID0262,903,1,2,8,3,3,4,3,316495.29
ID0263,1053,2,1,20,3,0,9,9,121162.97
ID0264,3357,2,3,5,8,4,4,10,380457.69
ID0265,2296,5,3,25,10,5,10,9,122291.19
ID0266,898,1,3,29,4,0,9,8,464691.14
ID0267,3000,1,2,27,4,0,10,3,380833.03
ID0268,2684,1,2,11,5,2,6,9,302955.91
ID0269,2719,1,3,1,0,5,9,9,276601.57
ID0270,1677,1,1,2,0,3,6,9,152269.05
ID0271,1137,5,1,2,8,0,10,8,216399.76
ID0272,1756,3,2,27,2,2,2,10,447583.64
ID0273,2504,2,1,11,3,1,2,6,461781.12
ID0274,960,1,2,14,0,5,9,1,100299.08
ID0275,2403,3,3,8,8,2,2,8,337654.56
ID0276,1197,3,2,30,7,2,5,3,387720.24
ID0277,2100,2,2,22,1,2,5,7,347498.79
ID0278,1615,5,3,7,7,0,2,6,132671.91
ID0279,2327,4,1,10,6,0,2,6,187089.96
ID0280,2719,4,2,15,10,1,7,7,200136.11
ID0281,2215,3,2,25,5,4,7,0,432689.85
ID0282,1958,2,3,26,0,4,6,4,285279.77
ID0283,2018,4,1,24,6,4,9,1,294731.28
ID0284,1200,3,2,21,9,5,3,1,473957.22
ID0285,1439,5,3,3,6,5,3,0,354834.36
ID0286,1259,4,2,27,8,1,2,4,459467.08
ID0287,1754,3,3,0,0,5,4,1,282603.54
ID0288,1269,3,1,23,1,4,2,3,159774.5
ID0289,1845,1,1,6,10,4,7,2,471974.24
ID0290,2493,5,1,1,8,2,6,2,283482.05
ID0291,2885,1,1,23,8,5,2,1,172652.57
ID0292,3077,2,2,27,5,0,8,5,220958.3
ID0293,1362,1,2,4,5,0,4,1,120321.04
ID0294,3285,1,1,6,3,2,8,7,287320.24
ID0295,2599,4,1,3,3,2,6,7,441251.27
ID0296,2874,3,1,4,4,2,6,4,473432.18
ID0297,1025,5,2,23,2,0,5,9,473040.88
ID0298,1597,1,1,0,0,4,1,6,150092.01
ID0299,3131,5,1,0,0,2,8,3,252821.55
ID0300,1759,1,1,14,6,1,5,0,111291.5
ID0301,2304,2,3,19,0,2,7,10,442066.14
ID0302,1252,1,1,18,0,3,0,1,243502.3
ID0303,1615,4,3,28,2,2,4,9,352446.81
ID0304,1458,3,3,9,9,0,0,9,385959.38
ID0305,1346,2,1,27,3,5,9,3,271937.87
ID0306,2015,1,3,17,3,2,10,0,222576.93
ID0307,816,5,1,27,1,5,7,7,484885.16
ID0308,2043,2,2,2,0,3,7,8,485795.29
ID0309,3005,2,2,10,2,1,0,3,215774.55
ID0310,3324,1,2,14,10,5,8,9,291850.04
ID0311,1869,2,2,30,3,4,1,2,489137.66
ID0312,3365,5,3,26,2,2,8,1,101947.36
ID0313,2946,2,1,29,7,3,0,4,265071.3
ID0314,2568,5,1,10,9,3,9,2,140183.02
ID0315,1860,1,1,16,0,5,8,9,303663.19
ID0316,3127,3,2,16,1,1,3,6,109867.98
ID0317,3344,2,2,5,6,0,8,10,262759.37
ID0318,1101,3,1,4,3,2,6,5,188279.63
ID0319,980,5,2,7,7,3,10,0,313323.34
ID0320,1406,2,1,1,10,1,5,7,498397.46
ID0321,1499,4,1,15,2,4,4,1,420214.44
ID0322,1792,3,1,19,5,3,10,4,438256.84
ID0323,1939,2,1,23,8,1,8,8,354105.99
ID0324,990,3,1,11,0,0,1,7,116623.94
ID0325,3100,2,1,5,0,0,10,1,182719.07
ID0326,1780,1,1,0,7,3,1,8,470025.82
ID0327,2806,3,2,30,2,3,10,4,246445.25
ID0328,1984,4,1,3,4,5,8,9,141454.69
ID0329,927,4,1,16,0,2,2,5,380962.15
ID0330,2865,5,2,12,4,1,7,2,219783.09
ID0331,2616,2,2,17,10,3,10,2,207542.77
ID0332,2558,3,2,4,5,2,8,9,499190.98
ID0333,3413,5,1,29,7,5,7,7,443255.57
ID0334,1369,3,3,23,2,2,3,10,263175.13
ID0335,2146,2,3,23,2,3,0,9,492104.48
ID0336,2695,4,2,26,10,0,3,9,360045.29
ID0337,1425,1,3,2,10,1,8,1,396808.98
ID0338,2486,4,2,10,9,1,1,10,112605.22
ID0339,954,5,1,12,8,0,2,1,148642.1
ID0340,3337,1,3,3,3,3,9,4,353234.05
ID0341,2209,5,1,25,3,1,7,5,459609.59
ID0342,1584,2,3,26,6,3,5,1,349497.49
ID0343,1045,1,1,13,1,5,7,4,153609.96
ID0344,2300,5,3,21,7,3,6,6,146304.02
ID0345,2505,2,1,10,5,2,4,9,437674.36
ID0346,1337,4,1,26,2,0,8,9,155720.94
ID0347,2690,2,3,9,8,3,3,7,308092.78
ID0348,2641,3,1,18,4,5,5,6,114845.33
ID0349,1720,2,1,17,7,4,1,7,132267.91
ID0350,3255,2,1,5,6,0,1,8,368939.31
ID0351,1324,3,3,26,7,1,1,4,375672.56
ID0352,2329,5,3,28,6,2,9,4,236587.76
ID0353,835,5,1,14,2,1,6,10,186243.91
ID0354,1484,2,1,20,1,5,1,9,425484.11
ID0355,819,3,3,29,6,5,1,3,186841.29
ID0356,3168,3,3,9,2,1,8,8,316810.83
ID0357,3359,4,1,4,2,0,6,4,487283.54
ID0358,1199,5,1,25,1,1,10,1,159140.98
ID0359,1771,1,1,28,3,3,2,9,476350.51
ID0360,2706,5,2,4,7,1,2,7,173157.22
ID0361,3318,5,3,9,0,2,6,6,326977.28
ID0362,1966,4,2,27,0,2,4,7,250803.08
ID0363,1915,1,3,4,4,4,9,2,485971.44
ID0364,1633,4,3,2,10,2,5,3,209416.81
ID0365,2623,1,3,22,4,1,7,4,259863.2
ID0366,2782,2,3,5,10,2,8,5,493144.05
ID0367,1653,1,3,3,0,0,0,0,314588.16
ID0368,850,4,3,17,5,2,2,3,301052.05
ID0369,1374,5,3,27,0,3,10,10,203111.4
ID0370,1948,1,2,8,4,0,6,9,380545.42
ID0371,2997,1,1,16,8,4,5,4,105749.18
ID0372,3161,3,1,28,4,3,6,6,119805.05
ID0373,3417,5,2,12,5,1,7,4,339743.43
ID0374,3152,2,2,26,7,1,5,0,236669.83
ID0375,2515,4,2,14,10,1,2,10,481326.55
ID0376,1481,2,2,29,0,3,1,6,461276.28
ID0377,1637,5,3,19,1,3,6,7,385482.5
ID0378,1877,1,1,16,8,3,10,6,427258.23
ID0379,3291,1,3,12,2,0,0,10,366932.74
ID0380,3460,5,1,15,5,5,2,3,150232.84
ID0381,3111,1,1,21,4,0,10,7,406217.35
ID0382,2395,1,2,3,10,1,3,4,184076.79
ID0383,804,1,3,4,1,5,0,9,229377.14
ID0384,1926,4,2,4,6,2,4,8,427693.68
ID0385,2019,4,3,8,3,1,9,9,314610.24
ID0386,1573,3,1,16,0,4,2,4,443976.29
ID0387,1676,2,2,12,3,0,1,0,185214.13
ID0388,1791,5,2,1,5,3,2,8,343111.38
ID0389,846,5,1,12,6,0,7,4,133516.39
ID0390,1068,5,1,21,6,3,5,5,357224.4
ID0391,1169,3,1,20,6,5,6,3,405013.62
ID0392,1435,4,2,26,2,4,5,5,333972.36
ID0393,1929,3,3,22,5,5,5,7,206492.6
ID0394,2493,5,2,18,7,4,2,2,112537.07
ID0395,2482,2,3,2,3,0,7,4,147779.55
ID0396,1456,1,2,9,7,3,6,1,348921.19
ID0397,919,4,2,1,1,5,6,1,473768.09
ID0398,1630,4,1,12,9,4,5,6,182613.76
ID0399,2610,3,3,18,8,1,4,9,394010.46
ID0400,1881,4,2,25,8,1,9,9,446580.43
ID0401,2774,5,2,16,7,5,7,10,308352.87
ID0402,2169,5,1,20,9,3,4,9,367706.32
ID0403,1540,3,1,13,9,5,8,5,426006.13
ID0404,916,5,3,30,0,0,8,3,204270.06
ID0405,2653,2,2,11,1,4,0,4,218758.27
ID0406,1950,3,3,20,5,0,5,0,100251.01
ID0407,2731,2,2,11,9,1,6,6,485237.65
ID0408,1812,1,3,10,4,4,2,7,467017.96
ID0409,2464,2,1,6,8,5,6,8,405827.31
ID0410,1881,1,2,3,4,0,10,7,131630.41
ID0411,1433,1,3,18,1,2,10,4,279001.16
ID0412,1312,2,1,0,9,3,6,2,140756.7
ID0413,1919,3,1,27,3,3,10,9,106368.11
ID0414,1941,5,3,30,8,2,1,10,346473.19
ID0415,1359,5,2,23,0,1,6,8,484331.77
ID0416,1287,1,2,28,10,4,0,5,461147.21
ID0417,1696,1,1,2,0,3,4,4,378701.93
ID0418,2012,3,2,12,6,2,8,2,138656.23
ID0419,1503,4,2,14,10,5,6,5,209665.62
ID0420,2270,2,2,1,2,2,6,2,228022.69
ID0421,1380,1,1,10,9,1,10,9,405260.02
ID0422,3094,5,3,3,1,1,1,5,420899.67
ID0423,953,3,2,18,8,0,7,3,254042.45
ID0424,2479,2,1,28,2,3,2,1,267153.6
ID0425,1796,3,1,16,1,0,7,7,117803.62
ID0426,2043,2,3,2,7,2,2,3,215654.69
ID0427,1892,2,2,27,9,4,9,8,280514.07
ID0428,1808,1,2,17,5,4,6,6,146793.22
ID0429,2941,3,3,7,5,1,1,1,281306.98
ID0430,2573,3,3,21,9,4,3,3,441270.32
ID0431,1757,5,1,24,10,4,10,4,332528.41
ID0432,1252,5,1,23,6,4,5,2,131571.94
ID0433,2027,1,3,25,6,2,10,8,176668.53
ID0434,3065,1,2,18,10,4,8,4,289817.74
ID0435,3321,4,1,4,5,5,4,1,244594.86
ID0436,3279,5,1,6,3,4,8,10,243490.81
ID0437,3188,2,2,20,10,4,4,2,311706.98
ID0438,1350,3,1,7,8,0,9,8,333758.37
ID0439,2435,1,2,27,5,2,7,6,418744.63
ID0440,2112,3,2,4,3,1,0,1,236386.63
ID0441,2557,3,2,16,2,0,6,8,422186.51
ID0442,1156,4,3,4,3,3,3,3,235444.49
ID0443,2870,5,3,3,2,2,4,8,122173.2
ID0444,2585,1,3,21,1,5,5,1,321675.06
ID0445,3369,3,2,18,4,2,4,9,335160.93
ID0446,2581,1,2,30,1,3,0,3,473816.1
ID0447,3289,2,3,26,5,3,8,4,390424.53
ID0448,2431,4,1,20,2,3,1,1,467109.06
ID0449,1815,2,2,1,5,1,8,9,463338.88
ID0450,2148,1,1,10,10,4,9,0,341829.64
ID0451,1315,1,1,21,9,2,1,6,311104.83
ID0452,1135,5,2,12,8,4,8,9,322976.39
ID0453,2582,3,2,14,0,4,5,0,491332.32
ID0454,3105,3,1,11,5,5,10,10,409267.08
ID0455,1296,2,1,21,8,3,8,10,142506.36
ID0456,1695,4,3,20,10,1,5,7,411371.36
ID0457,3007,3,3,21,3,5,5,2,168215.22
ID0458,1651,5,2,10,10,0,10,9,278940.22
ID0459,2487,2,3,6,1,1,1,5,184183.87
ID0460,2731,2,3,27,3,4,7,6,375833.23
ID0461,3227,5,3,4,0,1,2,9,450923.89
ID0462,2368,4,3,16,2,3,6,0,216144.75
ID0463,1756,5,1,23,9,0,4,5,132804.3
ID0464,2436,4,2,19,8,3,2,6,219397.24
ID0465,2091,5,3,8,9,0,0,5,368944.74
ID0466,2240,5,1,13,4,5,7,3,231504.05
ID0467,1991,1,1,25,10,4,2,0,211244.87
ID0468,1866,2,1,11,5,0,1,10,173774.08
ID0469,1084,5,3,5,2,0,0,8,299006.57
ID0470,3244,5,3,16,4,0,3,3,210379.53
ID0471,811,3,2,18,10,1,7,6,392404.14
ID0472,2430,2,3,18,7,5,2,6,130648.96
ID0473,3346,3,3,25,5,1,0,1,365613.21
ID0474,1553,2,1,15,3,4,3,0,195024.01
ID0475,2882,3,2,11,1,0,8,7,295711.7
ID0476,889,5,3,11,8,5,0,7,214435.97
ID0477,1575,5,3,19,0,5,10,6,389107.47
ID0478,3452,1,1,5,0,2,1,7,478122.82
ID0479,2425,3,1,30,3,4,8,2,466830.71
ID0480,1217,4,3,22,6,5,1,10,333370.49
ID0481,914,1,2,25,0,0,2,1,285044.12
ID0482,1416,3,2,3,8,0,6,6,427320.2
ID0483,1625,3,1,5,3,5,2,7,373330.55
ID0484,2449,1,1,10,2,1,8,0,173425.65
ID0485,2316,5,3,0,0,4,5,9,428367.69
ID0486,1212,3,1,29,9,0,2,8,271553.76
ID0487,1528,5,3,23,3,5,8,10,175594.26
ID0488,1475,1,2,22,8,0,0,3,212718.94
ID0489,2692,5,2,14,9,5,9,3,207010.81
ID0490,3304,2,3,26,5,4,2,2,307682.79
ID0491,3039,4,1,10,5,5,0,5,193748.04
ID0492,1922,3,2,24,0,2,1,0,149426.59
ID0493,2371,4,1,18,9,5,7,5,149476.34
ID0494,1777,5,2,17,1,5,6,1,333310.48
ID0495,1808,3,3,16,10,4,1,8,393903.72
ID0496,2943,5,3,18,5,5,1,1,228613.2
ID0497,2487,2,3,20,1,4,8,6,113860.28
ID0498,836,1,2,13,2,2,5,0,150889.95
ID0499,2348,3,1,26,3,4,4,6,465877.82
ID0500,3126,2,1,17,10,0,9,4,297417.46
ID0501,3064,2,1,27,4,4,5,7,281429.12
ID0502,1672,3,2,18,8,2,8,3,115219.67
ID0503,2621,5,2,14,3,3,10,9,391454.81
ID0504,2096,2,2,30,10,5,6,6,311227.23
ID0505,2909,4,2,14,8,4,9,5,180832.37
ID0506,1395,2,2,3,10,5,9,4,144029.5
ID0507,2703,5,1,6,9,1,8,3,253355.15
ID0508,1528,5,2,12,2,0,3,6,434864.79
ID0509,2165,4,2,2,7,0,1,4,446117.82
ID0510,1196,2,1,15,0,1,7,4,341138.55
ID0511,1498,5,2,30,10,1,3,0,391014.57
ID0512,3024,3,1,8,8,4,8,1,146062.31
ID0513,2435,1,1,7,8,1,3,4,335250.43
ID0514,1195,1,3,19,9,3,7,2,366786.28
ID0515,3292,1,3,12,1,5,8,1,180285.14
ID0516,875,2,3,16,3,5,8,3,452061.89
ID0517,1064,4,3,16,7,2,9,3,177998.7
ID0518,3302,5,2,16,6,1,3,3,225390.94
ID0519,2619,3,3,0,0,1,0,3,348222.74
ID0520,1517,3,1,7,4,3,2,2,355340.03
ID0521,1650,2,2,18,6,0,8,6,379753.9
ID0522,2190,1,3,30,3,0,3,8,144804.69
ID0523,943,2,1,5,0,5,4,4,439785.77
ID0524,1684,4,2,2,8,5,6,3,313138.85
ID0525,1195,4,2,26,4,4,4,10,288528.72
ID0526,2292,5,3,4,10,3,3,1,492439.05
ID0527,1967,5,2,12,1,2,1,1,396151.32
ID0528,3416,4,1,14,7,2,1,4,147202.41
ID0529,1862,4,2,13,10,3,3,6,402615.67
ID0530,2956,4,1,28,1,2,9,9,138099.57
ID0531,1865,2,2,30,2,0,9,9,110988.23
ID0532,2009,4,3,22,9,2,8,8,261450.36
ID0533,3245,3,1,15,0,2,7,6,497431.27
ID0534,1433,1,2,17,10,3,2,4,169953.57
ID0535,1956,4,2,21,1,3,8,9,369057.74
ID0536,2038,1,2,28,6,2,4,9,169358.43
ID0537,1532,2,1,21,9,1,10,9,389914.79
ID0538,1034,1,1,10,1,3,2,5,302141.47
ID0539,1550,2,1,2,5,4,4,10,371988.68
ID0540,3435,3,3,21,2,4,9,2,181149.27
ID0541,1753,2,3,9,3,0,3,4,398251.33
ID0542,3339,2,1,9,10,2,7,7,498247.62
ID0543,2342,5,2,29,7,1,4,0,366260.2
ID0544,1997,4,3,20,2,0,9,0,297392.0
ID0545,2476,4,1,15,9,2,7,6,469269.6
ID0546,1991,3,2,11,5,3,8,4,106340.74
ID0547,3017,3,3,1,0,4,3,4,391969.41
ID0548,2216,4,2,8,6,5,6,0,455498.61
ID0549,3481,5,2,23,7,1,1,8,124669.83
ID0550,2017,4,2,2,10,5,5,0,280025.67
ID0551,2340,5,2,23,7,4,7,4,181887.78
ID0552,2876,3,3,29,2,5,6,9,326607.27
ID0553,2245,1,3,24,9,3,6,8,359817.18
ID0554,3186,3,3,29,0,2,7,3,221049.27
ID0555,2319,3,1,14,8,3,6,7,283992.67
ID0556,2188,2,3,2,5,5,4,5,211735.79
ID0557,2656,2,2,18,10,3,6,10,247756.47
ID0558,2165,2,3,17,8,4,9,2,163815.98
ID0559,1299,2,2,7,6,1,2,3,454223.78
ID0560,2480,5,1,25,0,3,4,1,104004.16
ID0561,1310,4,2,16,0,4,6,0,452963.67
ID0562,1016,1,2,7,5,1,8,7,328671.55
ID0563,2124,3,2,6,4,2,1,0,232663.14
ID0564,1955,5,1,29,8,5,3,10,389222.85
ID0565,2627,1,3,6,1,2,6,0,303100.86
ID0566,2610,5,3,2,7,0,0,3,299643.46
ID0567,3292,5,1,0,10,4,1,9,144056.91
ID0568,2005,3,2,3,4,1,8,9,255806.41
ID0569,3014,4,3,24,1,3,9,5,196425.74
ID0570,890,2,1,4,9,2,6,8,106278.36
ID0571,1513,4,3,0,10,1,9,0,244039.85
ID0572,2681,3,1,14,10,4,6,6,135928.85
ID0573,838,3,2,4,5,0,5,9,202732.02
ID0574,972,3,3,12,9,2,2,10,137006.65
ID0575,1452,1,1,7,7,5,9,4,140376.65
ID0576,1553,4,3,7,3,1,2,7,179604.52
ID0577,2043,4,3,4,1,5,1,6,499939.7
ID0578,1881,5,3,27,10,1,10,3,100873.66
ID0579,2483,5,3,8,4,1,5,3,355469.05
ID0580,3323,5,1,30,1,4,3,5,156497.48
ID0581,1255,3,2,0,1,4,4,5,468251.25
ID0582,1628,4,1,3,5,4,2,8,137453.16
ID0583,1694,3,1,2,10,3,5,4,482025.27
ID0584,2184,1,1,1,9,1,10,7,344370.55
ID0585,2758,5,2,30,8,2,2,4,100507.23
ID0586,3234,3,3,7,3,5,7,1,457602.88
ID0587,2796,3,3,22,5,4,8,5,308684.72
ID0588,3195,1,3,8,6,4,3,8,205067.89
ID0589,989,2,2,1,10,5,8,2,406911.67
ID0590,1304,4,3,13,5,5,6,0,470666.22
ID0591,2014,2,2,13,7,1,2,0,293476.33
ID0592,2331,5,3,3,3,4,6,2,226221.39
ID0593,1623,3,3,29,0,5,0,9,415578.05
ID0594,1728,1,1,30,6,3,2,4,372714.2
ID0595,1733,1,2,5,2,3,5,2,455500.99
ID0596,1940,4,1,10,5,4,3,8,377005.61
ID0597,933,2,1,2,1,5,6,7,197411.34
ID0598,2905,4,1,7,8,1,2,2,472663.7
ID0599,1484,3,2,2,0,1,0,8,141934.3
ID0600,3020,4,2,13,5,1,8,5,207177.1
ID0601,2652,1,3,27,5,0,5,6,308077.84
ID0602,1614,1,1,12,4,4,7,3,326296.81
ID0603,1972,5,3,12,4,1,2,3,106124.23
ID0604,879,5,1,1,0,3,7,1,412229.09
ID0605,1002,3,2,12,9,5,1,4,244642.93
ID0606,2052,2,2,28,4,2,3,7,262567.42
ID0607,2499,4,2,18,1,2,2,6,423747.82
ID0608,2050,3,1,26,6,1,9,6,251713.36
ID0609,2482,5,2,5,2,2,0,5,118889.95
ID0610,2355,4,1,15,3,2,6,2,170575.91
ID0611,2894,5,3,1,2,0,10,4,482361.27
ID0612,2056,4,1,7,2,3,9,0,128162.14
ID0613,2349,2,3,16,3,3,1,6,241972.48
ID0614,1966,3,1,22,4,0,3,8,301271.67
ID0615,2196,4,3,1,0,0,8,0,297312.33
ID0616,1270,1,2,9,3,2,5,1,101583.98
ID0617,1835,1,3,27,10,4,7,2,300465.09
ID0618,2153,4,2,15,7,5,1,2,253508.98
ID0619,1767,4,2,5,9,5,6,7,488831.73
ID0620,1157,4,3,27,6,2,5,6,163663.63
ID0621,1467,1,1,1,8,5,8,5,241661.68
ID0622,1172,1,1,1,4,0,6,9,267792.59
ID0623,1831,4,1,25,9,3,0,9,256277.41
ID0624,1945,5,1,12,3,5,7,10,366332.33
ID0625,2171,5,1,23,7,2,10,3,186205.14
ID0626,889,2,2,14,8,4,9,8,188428.62
ID0627,1339,3,1,30,6,2,2,0,391684.38
ID0628,1668,5,2,27,6,1,1,10,300116.21
ID0629,840,1,2,1,4,2,2,1,266062.27
ID0630,1539,5,2,6,3,0,10,3,167681.22
ID0631,2746,2,3,2,9,3,5,2,175010.89
ID0632,3349,2,3,7,0,3,2,0,104220.65
ID0633,2024,3,2,22,9,5,9,4,136570.51
ID0634,1728,5,3,13,9,0,4,6,322735.48
ID0635,2836,1,1,23,6,1,5,1,456749.25
ID0636,3308,1,1,29,0,0,7,4,214865.91
ID0637,1724,4,2,22,0,2,6,5,231098.89
ID0638,2381,1,1,26,4,0,10,10,146242.24
ID0639,1189,3,2,21,8,0,7,6,255452.38
ID0640,2417,3,2,28,5,1,2,0,114888.68
ID0641,1055,1,1,6,2,2,3,6,467040.28
ID0642,1508,1,3,20,2,4,5,3,369244.54
ID0643,2638,4,1,6,6,4,10,7,496299.52
ID0644,2744,1,1,0,5,3,6,3,453129.27
ID0645,3297,4,2,16,8,5,8,5,289196.24
ID0646,809,4,2,8,5,0,0,8,307874.01
ID0647,1597,1,2,29,4,3,7,4,176230.42
ID0648,1676,2,2,20,9,1,7,3,284815.74
ID0649,1828,2,3,12,6,4,5,7,461211.15
ID0650,1815,4,3,20,0,0,3,8,120341.37
ID0651,2624,1,3,18,6,1,2,3,445422.72
ID0652,1173,2,2,20,2,5,10,2,236379.12
ID0653,2993,1,2,18,8,1,2,7,459805.11
ID0654,1023,1,2,24,5,0,5,4,476351.96
ID0655,2062,1,3,24,8,5,7,1,368345.95
ID0656,3024,5,2,21,4,1,6,9,365769.51
ID0657,2602,1,1,30,6,5,10,8,281101.74
ID0658,1652,5,1,16,3,0,0,2,434216.09
ID0659,862,4,2,22,6,0,10,1,484645.1
ID0660,2040,2,1,22,0,5,5,0,410032.72
ID0661,1488,2,1,29,6,2,6,7,348774.69
ID0662,2284,2,3,9,7,3,6,10,342717.16
ID0663,2433,2,2,9,4,1,8,2,439787.96
ID0664,2952,2,2,3,1,1,10,6,316481.51
ID0665,1310,2,3,7,4,2,10,0,421543.95
ID0666,1184,2,1,21,5,2,9,0,303554.1
ID0667,1204,4,1,19,1,2,4,8,124977.71
ID0668,1317,1,2,19,5,4,0,7,253578.8
ID0669,1275,3,1,17,5,4,1,2,277776.38
ID0670,2800,5,3,13,0,5,3,5,156646.9
ID0671,2468,3,3,17,0,4,4,10,140998.53
ID0672,2693,3,2,27,10,0,8,2,314185.98
ID0673,2260,1,3,13,9,5,10,3,134057.45
ID0674,1513,1,3,19,2,1,0,0,221178.07
ID0675,882,1,2,20,9,3,2,4,397838.79
ID0676,1968,2,3,23,9,0,4,0,485772.87
ID0677,3304,4,3,14,2,1,2,0,387148.23
ID0678,2701,2,3,21,3,1,3,9,497050.22
ID0679,2848,4,1,29,1,5,2,10,379335.19
ID0680,850,4,2,30,8,2,3,10,217517.79
ID0681,1484,3,2,3,9,2,0,6,368821.02
ID0682,1516,3,2,12,10,0,7,5,380862.71
ID0683,2269,4,1,26,6,2,3,1,248690.79
ID0684,1248,4,1,22,6,1,6,10,107085.54
ID0685,1680,2,2,7,5,2,1,1,381279.91
ID0686,1287,2,1,17,2,4,1,10,108680.04
ID0687,2623,3,2,11,5,2,5,6,352475.23
ID0688,2881,1,1,22,7,1,1,0,165446.6
ID0689,2942,4,3,30,7,5,5,1,326241.41
ID0690,2374,2,3,13,10,0,10,7,301565.21
ID0691,3001,3,2,1,8,3,1,5,105405.46
ID0692,1049,2,1,17,0,2,3,1,245146.33
ID0693,1473,4,1,23,0,1,6,6,340436.47
ID0694,1237,4,3,1,2,3,7,3,439442.62
ID0695,2965,5,3,30,2,3,2,1,455456.85
ID0696,1570,1,1,10,9,4,8,5,293539.99
ID0697,1067,5,1,8,7,3,1,10,391368.99
ID0698,2784,3,1,11,9,5,7,8,226581.83
ID0699,1877,2,1,16,0,1,7,10,236874.56
ID0700,1035,3,1,14,1,1,3,8,177785.41
ID0701,1188,4,1,24,1,2,0,7,324779.24
ID0702,1562,5,2,30,2,2,0,2,225825.66
ID0703,2648,5,1,16,5,2,1,2,133748.36
ID0704,3248,5,3,25,0,5,8,1,374002.43
ID0705,1423,3,2,28,1,3,1,4,383101.28
ID0706,2052,4,1,25,0,3,1,3,243996.97
ID0707,1377,2,3,17,4,4,5,6,130689.36
ID0708,2922,2,2,21,6,5,6,3,270519.09
ID0709,1234,3,3,5,7,2,6,8,276934.18
ID0710,2950,5,1,16,9,0,8,1,367468.35
ID0711,1563,1,1,22,0,4,5,10,226166.56
ID0712,2129,3,1,23,6,0,7,5,373039.71
ID0713,2945,3,1,17,4,3,10,6,448595.42
ID0714,2158,4,2,7,9,4,5,3,194994.42
ID0715,3282,2,2,8,0,4,1,5,491567.82
ID0716,1246,3,3,5,2,1,0,6,254547.25
ID0717,2817,3,1,4,6,3,4,3,206903.47
ID0718,2131,5,3,11,9,3,8,7,268604.47
ID0719,1048,5,2,24,0,5,7,8,137758.99
ID0720,965,1,1,28,6,4,3,0,150282.36
ID0721,2158,4,1,27,4,3,4,6,265773.62
ID0722,1819,1,2,10,0,4,4,8,404977.81
ID0723,1341,5,2,24,0,5,5,9,460124.9
ID0724,1558,2,2,0,0,5,2,4,365927.2
ID0725,2928,5,2,10,10,1,4,1,142087.82
ID0726,2980,4,2,18,8,4,1,9,368807.9
ID0727,1596,5,1,8,10,3,9,5,354171.17
ID0728,937,4,2,26,2,3,0,6,422305.57
ID0729,3031,4,1,1,4,4,10,1,430099.47
ID0730,2153,4,1,11,10,4,0,1,447281.23
ID0731,2675,4,2,3,9,4,9,9,265652.61
ID0732,868,4,2,3,8,2,6,9,379145.76
ID0733,3393,2,1,17,5,3,1,0,207300.14
ID0734,2900,1,2,14,8,5,3,3,499734.51
ID0735,2273,3,2,18,7,3,4,6,170133.7
ID0736,1004,1,2,12,7,2,6,8,104045.77
ID0737,2973,4,3,18,0,4,1,2,159523.49
ID0738,842,2,1,16,8,1,5,10,410348.92
ID0739,2706,5,3,5,5,4,0,6,278713.47
ID0740,2958,2,2,15,8,4,6,6,279000.1
ID0741,1560,4,3,23,2,2,8,6,482009.17
ID0742,2942,2,2,11,2,3,4,1,467853.96
ID0743,2794,2,3,18,5,4,4,5,224477.9
ID0744,2735,4,2,4,8,3,3,1,183623.25
ID0745,1699,2,3,16,6,0,2,5,439392.88
ID0746,1159,3,3,25,2,5,8,9,462407.63
ID0747,2519,3,3,22,2,3,4,2,316638.77
ID0748,1080,2,1,25,1,1,7,1,351769.48
ID0749,2687,5,3,28,8,5,8,5,202765.71
ID0750,1466,4,1,0,2,1,4,1,420321.08
ID0751,892,3,2,27,10,4,9,4,352848.97
ID0752,1471,5,3,26,4,5,8,1,301405.4
ID0753,2769,2,2,24,8,3,1,2,124043.42
ID0754,860,5,2,23,7,5,8,2,466373.99
ID0755,3481,1,3,22,1,4,10,5,346180.57
ID0756,1828,3,1,9,2,2,3,5,177076.44
ID0757,2289,2,3,14,1,1,5,9,342554.45
ID0758,1403,4,2,22,7,4,5,2,370985.34
ID0759,1481,2,2,20,5,2,5,2,310308.13
ID0760,3381,4,3,20,5,5,1,0,387240.7
ID0761,2228,2,1,10,8,5,6,6,332581.58
ID0762,3492,5,1,12,7,4,5,7,479107.83
ID0763,3080,5,2,4,3,3,10,1,121478.83
ID0764,1323,5,2,0,3,5,0,3,142498.28
ID0765,3193,1,1,23,8,3,1,9,169468.65
ID0766,3393,4,3,11,0,3,6,6,376068.43
ID0767,2768,5,2,10,1,3,0,7,358238.35
ID0768,1901,1,1,16,1,0,0,0,456823.54
ID0769,2553,4,2,3,5,2,0,3,393150.98
ID0770,2636,2,3,14,3,2,7,5,303342.2
ID0771,3096,1,1,24,10,5,3,2,496732.72
ID0772,2894,3,2,29,9,5,3,4,206443.18
ID0773,1944,1,3,8,2,3,1,9,433276.66
ID0774,3061,1,2,20,2,0,10,8,270716.15
ID0775,3086,4,3,19,2,3,10,10,359494.06
ID0776,1879,2,3,18,5,0,10,2,390907.39
ID0777,3197,3,1,18,7,3,0,4,353501.63
ID0778,906,5,3,11,10,1,9,7,156202.92
ID0779,847,5,2,4,6,1,8,5,277180.4
ID0780,1136,1,3,9,3,4,6,3,324575.35
ID0781,1849,4,3,16,10,3,3,7,439617.5
ID0782,2080,4,1,4,3,5,5,10,277458.3
ID0783,2855,5,3,21,10,2,1,2,467498.92
ID0784,1424,3,3,15,9,4,6,2,276149.69
ID0785,2690,2,2,6,10,5,1,3,319511.94
ID0786,2076,3,1,27,10,1,9,8,418514.27
ID0787,2515,2,1,8,10,3,7,4,333227.07
ID0788,1102,5,1,2,1,4,7,7,484087.23
ID0789,1438,2,3,14,0,3,0,5,364134.33
ID0790,855,4,1,15,8,1,7,2,309083.78
ID0791,1525,1,3,17,1,4,1,7,109436.79
ID0792,1325,1,3,13,7,1,5,8,265493.16
ID0793,1273,5,2,2,8,0,0,7,219699.37
ID0794,827,4,2,11,3,1,4,3,399242.27
ID0795,2925,3,2,8,7,3,10,10,183311.07
ID0796,1164,4,2,27,8,2,6,5,182088.03
ID0797,1325,1,2,6,9,1,9,0,175807.62
ID0798,2135,1,3,8,9,5,0,3,150246.25
ID0799,1682,4,3,12,4,2,1,7,224402.8
ID0800,1830,4,1,17,6,0,6,0,454368.85
ID0801,1826,1,3,4,9,4,5,2,409971.39
ID0802,2446,3,3,12,3,4,2,0,394100.49
ID0803,1718,5,2,3,0,2,9,8,418934.72
ID0804,3210,5,3,30,2,4,1,1,207767.16
ID0805,2574,4,2,1,4,1,9,8,454976.68
ID0806,2331,5,1,15,2,2,3,3,154921.35
ID0807,2706,1,1,8,10,3,2,1,234538.29
ID0808,2015,1,3,8,6,1,6,3,334699.25
ID0809,2454,4,1,5,8,1,7,10,141162.04
ID0810,1284,4,3,10,5,1,1,10,392052.08
ID0811,2875,4,1,21,9,3,9,9,254898.42
ID0812,1513,3,2,23,0,0,6,5,413762.27
ID0813,1862,5,2,21,6,5,7,10,297158.51
ID0814,2776,4,2,0,2,4,5,6,172349.81
ID0815,2096,2,2,3,4,2,5,2,393904.72
ID0816,2054,2,3,12,9,0,9,2,200857.58
ID0817,2933,1,1,22,3,2,0,9,296324.12
ID0818,925,5,3,12,9,4,3,7,130213.31
ID0819,1336,4,2,12,4,3,0,4,347146.66
ID0820,2992,2,3,1,4,1,3,3,366343.11
ID0821,2872,5,1,8,5,1,1,6,251469.68
ID0822,2403,1,3,23,9,3,10,6,481769.11
ID0823,866,3,1,7,9,0,4,8,449667.57
ID0824,1032,5,3,6,10,0,9,8,383176.37
ID0825,2956,5,1,3,5,2,8,4,385460.83
ID0826,1969,3,1,17,7,3,10,7,200960.69
ID0827,2958,5,2,2,7,0,9,9,362726.09
ID0828,3075,1,1,27,10,3,2,0,179282.51
ID0829,910,1,2,5,8,4,7,8,157601.29
ID0830,2293,3,2,11,7,1,2,7,499787.16
ID0831,2881,4,2,11,10,1,5,5,348950.37
ID0832,1422,2,3,20,1,1,3,2,272395.15
ID0833,3442,4,3,27,9,3,7,2,215265.81
ID0834,3272,5,3,7,10,3,10,7,341568.18
ID0835,3460,2,3,21,0,2,5,4,119837.4
ID0836,2341,3,1,21,9,1,7,9,137872.4
ID0837,2105,3,1,0,1,2,0,10,113142.68
ID0838,2561,2,3,3,1,1,5,6,299667.93
ID0839,2775,1,1,20,2,2,0,4,340242.65
ID0840,3162,2,1,27,9,2,0,7,124991.9
ID0841,1676,5,2,10,6,4,7,9,388489.79
ID0842,2789,1,2,2,1,2,6,9,192158.03
ID0843,2112,3,2,12,0,3,2,3,374080.58
ID0844,2260,2,2,24,5,2,5,1,492758.86
ID0845,3124,4,1,16,8,1,8,2,376442.35
ID0846,2533,4,3,21,2,2,6,7,453277.22
ID0847,2405,5,1,21,5,0,2,10,479279.4
ID0848,2326,4,1,9,2,5,5,6,294700.42
ID0849,3471,2,1,20,0,1,10,1,380929.99
ID0850,3363,2,2,11,4,0,3,5,440787.7
ID0851,3197,4,2,14,9,1,2,8,242643.57
ID0852,2430,2,2,20,10,3,8,3,204558.93
ID0853,1960,5,3,9,3,5,9,8,478639.43
ID0854,1558,1,1,13,6,5,1,1,390521.4
ID0855,1042,5,3,12,5,3,0,1,187872.85
ID0856,3390,5,2,4,9,5,1,8,279633.36
ID0857,1863,2,3,5,6,3,6,6,418580.71
ID0858,1028,1,1,23,4,0,9,6,318825.2
ID0859,3395,2,1,1,3,4,0,0,359980.84
ID0860,1719,3,2,21,6,1,5,10,401507.28
ID0861,2046,2,2,16,6,3,6,5,348803.68
ID0862,805,2,3,3,5,1,8,6,316031.73
ID0863,1267,2,2,13,7,0,7,10,399845.71
ID0864,2555,1,2,9,3,4,5,5,391025.21
ID0865,874,2,1,2,9,0,2,5,351948.96
ID0866,803,1,2,24,4,5,7,1,243915.77
ID0867,2670,4,2,2,3,1,6,5,262324.84
ID0868,1445,3,1,14,0,4,2,3,488175.42
ID0869,917,1,1,5,7,5,8,8,144954.37
ID0870,2429,4,3,16,0,4,1,0,207401.97
ID0871,3351,1,2,11,4,5,2,7,296960.7
ID0872,2821,1,1,21,5,0,1,4,434691.87
ID0873,1746,3,3,19,5,3,0,0,165470.27
ID0874,3421,5,3,23,4,1,3,3,210781.85
ID0875,2264,5,2,28,2,2,4,0,126319.29
ID0876,993,1,2,10,4,2,5,5,382394.11
ID0877,1646,2,3,24,7,0,4,1,195283.77
ID0878,2215,4,1,3,1,1,0,4,255469.9
ID0879,2258,2,3,25,5,1,2,6,277480.58
ID0880,3020,2,2,27,8,0,0,1,456525.57
ID0881,2468,1,1,25,7,1,10,5,264532.12
ID0882,3173,1,1,5,10,3,4,5,158090.01
ID0883,2233,1,3,0,7,0,4,4,309725.98
ID0884,1941,1,2,19,7,3,10,4,485183.2
ID0885,2610,5,3,22,6,1,5,2,343074.26
ID0886,1523,1,3,27,7,0,7,9,493354.89
ID0887,1024,5,3,15,5,1,9,9,436442.92
ID0888,1331,5,1,14,1,0,0,10,114386.3
ID0889,912,1,1,16,1,1,3,1,363359.84
ID0890,2987,3,2,7,7,3,9,6,214706.75
ID0891,1358,4,2,27,10,3,10,0,323846.74
ID0892,2848,2,3,25,0,1,0,5,211738.08
ID0893,2937,5,3,11,5,0,8,5,239548.17
ID0894,1453,4,3,26,5,2,10,2,469267.48
ID0895,1119,3,2,21,10,3,6,1,182657.27
ID0896,2373,2,1,20,3,3,6,1,449643.65
ID0897,2628,2,1,9,10,5,4,8,112183.12
ID0898,2717,5,3,26,10,2,6,10,136350.62
ID0899,938,1,3,14,9,1,1,4,441870.02
ID0900,2826,3,3,29,2,0,3,6,352222.41
ID0901,3106,5,3,8,10,5,6,4,398894.46
ID0902,1701,3,2,1,2,1,2,6,183767.07
ID0903,1489,1,1,4,0,4,1,3,314833.38
ID0904,2839,1,3,5,2,3,9,7,394887.69
ID0905,809,5,2,6,3,4,1,10,350925.65
ID0906,1060,1,3,20,10,3,0,9,288679.51
ID0907,2742,4,3,24,10,3,4,10,483913.51
ID0908,2473,2,1,0,4,4,5,9,370462.93
ID0909,3019,5,3,22,2,4,5,6,463100.32
ID0910,2860,3,1,25,5,1,8,9,391908.2
ID0911,1991,4,1,6,10,5,3,4,394185.41
ID0912,2419,5,1,19,4,5,0,10,132007.31
ID0913,1120,1,2,24,2,4,5,5,243785.85
ID0914,2142,1,2,29,5,1,4,4,443347.76
ID0915,2436,1,1,11,5,5,9,6,193041.54
ID0916,3176,1,3,15,7,1,5,1,146202.35
ID0917,2794,3,1,15,1,1,2,4,230442.42
ID0918,2743,4,3,10,0,3,1,9,188175.15
ID0919,2838,2,1,20,3,5,5,2,470115.28
ID0920,1918,3,3,3,6,5,0,8,447186.66
ID0921,2404,3,2,12,10,3,6,5,299873.29
ID0922,3165,2,3,6,9,4,6,9,124537.55
ID0923,1035,2,1,3,2,3,9,2,385824.94
ID0924,2769,1,2,14,2,5,6,6,349364.69
ID0925,1133,3,3,18,4,5,10,3,488221.87
ID0926,2708,5,3,8,4,4,9,2,323581.3
ID0927,1175,2,3,10,9,3,0,7,234557.49
ID0928,1960,2,3,7,2,0,3,3,307608.68
ID0929,3435,4,3,0,8,0,6,10,491705.32
ID0930,2370,5,2,22,3,4,10,0,378544.97
ID0931,3360,5,2,24,2,3,8,5,368790.46
ID0932,2119,2,2,23,10,3,4,9,196272.64
ID0933,2655,1,2,7,1,1,1,10,397441.01
ID0934,2172,4,1,12,9,5,6,10,400108.73
ID0935,1672,5,2,21,10,2,9,0,226915.59
ID0936,2052,2,3,26,8,4,0,4,293485.53
ID0937,3117,5,3,3,3,2,6,6,217841.33
ID0938,2651,4,2,7,2,2,5,5,203482.03
ID0939,2114,4,3,2,6,4,6,1,110358.43
ID0940,1524,3,2,28,7,3,9,10,214084.7
ID0941,2852,2,3,8,10,4,2,3,321587.98
ID0942,877,4,1,28,1,2,2,10,100640.48
ID0943,3421,3,1,1,6,5,6,1,213287.63
ID0944,931,3,2,1,4,5,1,10,452564.13
ID0945,1400,5,2,27,10,5,0,0,337459.43
ID0946,2572,5,2,12,4,3,8,2,343145.13
ID0947,1865,3,3,14,2,0,8,2,261345.72
ID0948,2936,5,2,27,4,4,6,6,370588.86
ID0949,3249,4,1,22,1,5,6,0,175973.11
ID0950,3143,1,3,11,3,4,2,8,427498.72
ID0951,2663,4,2,25,5,5,9,10,146675.65
ID0952,2118,3,3,3,0,3,1,5,362400.54
ID0953,1415,3,3,25,9,0,10,3,236459.73
ID0954,3269,4,2,7,3,0,6,2,399005.19
ID0955,2688,5,3,8,5,5,8,2,319905.82
ID0956,1846,5,1,22,8,3,0,1,280941.22
ID0957,1374,3,1,4,10,1,3,1,167768.96
ID0958,2990,2,3,23,10,4,5,9,354728.59
ID0959,1792,5,2,19,1,4,6,4,489907.94
ID0960,2992,4,3,17,10,2,9,8,430241.37
ID0961,2048,5,1,10,6,3,6,1,124003.28
ID0962,1302,4,3,14,5,2,9,1,250491.75
ID0963,2797,3,3,27,1,5,1,5,470233.2
ID0964,1620,5,1,21,7,2,3,9,301217.5
ID0965,2951,4,3,8,6,0,4,1,364844.73
ID0966,2770,3,3,16,10,4,0,3,465039.74
ID0967,997,2,2,26,4,2,0,5,449517.88
ID0968,2469,4,2,25,4,0,9,4,300728.15
ID0969,3426,2,1,11,6,3,2,0,275058.52
ID0970,3238,2,1,6,8,2,9,5,235877.05
ID0971,2002,1,1,9,10,5,2,0,387607.78
ID0972,3401,5,2,24,8,5,7,2,214794.72
ID0973,2271,4,1,25,8,5,8,9,199955.04
ID0974,2446,2,1,24,5,4,10,4,242499.96
ID0975,2492,1,1,9,9,2,0,9,170886.02
ID0976,2112,3,2,26,5,3,10,4,378047.93
ID0977,2835,4,3,12,2,2,1,9,346496.26
ID0978,1277,2,1,18,0,4,9,5,293151.41
ID0979,2054,5,3,10,6,0,1,9,256130.31
ID0980,1722,1,1,12,3,4,3,7,463625.02
ID0981,1219,2,3,20,0,5,1,4,111649.51
ID0982,3004,5,2,7,7,0,6,10,407643.1
ID0983,3397,2,2,7,5,5,8,0,460763.83
ID0984,1920,4,1,3,5,1,6,4,278541.83
ID0985,1750,4,3,14,1,4,5,2,320276.2
ID0986,3136,4,2,30,0,4,9,3,477785.48
ID0987,2077,1,1,27,1,3,0,7,184911.01
ID0988,3043,4,1,10,3,2,10,6,308053.94
ID0989,3445,5,2,10,1,0,9,10,289888.45
ID0990,2657,2,2,0,0,0,8,4,203357.06
ID0991,1316,3,1,16,6,3,4,1,427437.29
ID0992,2458,5,3,14,10,3,10,5,459840.24
ID0993,2665,5,3,19,10,2,4,10,412773.03
ID0994,1941,4,3,5,7,5,5,5,178143.58
ID0995,2732,1,1,23,5,2,8,9,134699.45
ID0996,1614,2,2,21,3,4,7,9,342177.79
ID0997,3075,1,1,27,5,5,7,10,122837.9
ID0998,2700,2,2,24,2,1,7,5,369130.36
ID0999,3063,2,3,14,7,2,0,8,312169.69
ID1000,2862,1,3,30,9,3,0,10,365114.29
