CustomerID,Age,AnnualIncome,MonthlyCharges,TotalCharges,TenureMonths,NumOfProducts,HasTechSupport,IsSeniorCitizen,Churn
ID0001,56,56630.86,65.94,7745.36,23,1,No,0,Yes
ID0002,69,42123.53,43.72,6207.78,46,1,Yes,1,Yes
ID0003,46,43462.16,119.32,7630.8,8,2,No,0,Yes
ID0004,32,48864.21,113.43,5769.05,59,4,No,0,Yes
ID0005,60,31003.56,78.6,2735.39,59,1,Yes,0,Yes
ID0006,25,46103.96,105.78,1290.24,13,4,No,1,Yes
ID0007,38,40572.4,76.89,6363.68,39,3,No,0,No
ID0008,56,46374.87,86.12,5331.12,28,3,No,0,No
ID0009,36,35988.11,38.02,861.4,61,1,No,1,Yes
ID0010,40,74526.36,97.97,3200.38,16,4,Yes,1,No
ID0011,28,59679.62,41.49,7676.0,2,1,No,0,No
ID0012,28,63955.12,104.35,4253.01,17,3,No,0,Yes
ID0013,41,69458.56,100.38,3745.47,30,1,Yes,1,Yes
ID0014,53,54922.11,93.79,3932.75,13,4,No,1,Yes
ID0015,57,34346.01,33.25,2066.62,13,3,No,1,No
ID0016,41,56855.33,57.28,3265.3,43,2,No,0,Yes
ID0017,20,59342.06,53.68,3273.6,21,3,No,0,No
ID0018,39,67271.97,62.41,892.66,55,2,Yes,0,Yes
ID0019,19,51582.98,37.89,6256.76,40,1,No,1,No
ID0020,41,36379.02,114.33,3623.78,15,1,Yes,0,No
ID0021,61,44188.8,79.84,6666.35,52,4,No,1,Yes
ID0022,47,48154.11,57.5,6877.61,53,2,No,0,Yes
ID0023,55,62295.86,65.73,2089.96,52,1,No,1,No
ID0024,19,58538.92,70.25,5430.15,30,2,Yes,0,No
ID0025,38,47804.84,84.05,4042.11,33,1,No,0,Yes
ID0026,50,79325.76,76.41,7101.18,57,3,No,1,Yes
ID0027,29,60288.74,112.75,2118.06,52,1,Yes,1,No
ID0028,39,41861.34,74.73,5583.6,9,4,Yes,0,Yes
ID0029,61,35089.12,119.29,5058.14,54,3,Yes,1,No
ID0030,42,37642.96,106.63,2714.76,1,4,Yes,1,Yes
ID0031,66,42297.89,48.77,1524.51,44,3,No,0,Yes
ID0032,44,38034.07,113.75,5387.3,9,2,No,1,Yes
ID0033,59,39328.35,40.47,6039.48,32,4,No,0,No
ID0034,45,44254.76,103.57,2867.21,15,1,No,0,Yes
ID0035,33,38668.68,64.26,5336.24,12,2,Yes,1,No
ID0036,32,74838.27,109.02,3463.48,57,1,No,1,Yes
ID0037,64,34011.69,108.13,5849.05,8,3,No,0,No
ID0038,68,56225.57,102.53,1994.11,27,3,No,0,No
ID0039,61,50519.84,101.1,7176.61,62,1,No,0,Yes
ID0040,69,79118.93,57.42,2655.57,12,1,Yes,0,No
ID0041,20,35601.95,37.28,3258.39,65,2,No,0,No
ID0042,54,49892.78,66.27,935.69,42,1,No,0,No
ID0043,68,78473.52,45.62,1336.34,62,4,No,1,No
ID0044,24,73275.36,92.55,4368.96,11,4,Yes,1,Yes
ID0045,38,70853.6,61.15,2506.95,43,1,Yes,1,Yes
ID0046,26,42895.14,117.8,6766.1,17,4,No,0,Yes
ID0047,56,38544.38,87.69,610.2,32,1,No,1,No
ID0048,35,63432.16,104.02,3343.21,40,2,No,0,No
ID0049,21,76468.8,41.93,3030.09,23,4,Yes,0,Yes
ID0050,42,57838.14,107.58,644.96,56,4,No,1,Yes
ID0051,31,58580.63,113.05,1432.76,6,1,No,0,No
ID0052,67,43998.95,73.84,3602.32,50,4,No,0,Yes
ID0053,26,68474.65,84.56,4196.48,37,3,Yes,0,Yes
ID0054,43,39352.19,98.83,3532.17,64,2,No,0,No
ID0055,19,46183.96,45.74,4482.03,54,2,No,0,Yes
ID0056,37,51271.82,75.23,4963.49,49,4,Yes,0,No
ID0057,45,55380.52,65.88,574.43,11,4,Yes,1,Yes
ID0058,64,42120.49,43.17,3980.71,49,3,No,0,No
ID0059,24,35741.84,63.08,7726.24,21,3,Yes,0,No
ID0060,61,60531.0,36.14,4392.74,66,4,No,0,No
ID0061,25,44431.53,32.32,5581.57,63,4,Yes,0,No
ID0062,64,59061.91,42.16,2838.98,28,3,Yes,1,No
ID0063,52,37718.14,116.68,6304.94,17,1,No,1,Yes
ID0064,31,54057.01,79.46,6296.91,6,3,No,0,Yes
ID0065,34,56629.47,116.92,4409.72,19,1,No,0,Yes
ID0066,53,32591.18,68.92,7820.1,56,2,Yes,0,No
ID0067,67,46830.21,58.06,1441.63,28,2,No,1,Yes
ID0068,57,36720.73,75.55,627.11,66,3,No,1,No
ID0069,21,33168.75,69.56,6276.19,38,1,No,1,No
ID0070,19,79498.01,39.51,6553.67,37,3,No,1,Yes
ID0071,23,46117.69,87.67,1401.55,68,3,No,0,No
ID0072,59,70493.72,49.44,2491.87,49,1,Yes,1,Yes
ID0073,21,42732.03,85.76,631.64,43,3,No,1,No
ID0074,46,64075.14,88.52,2699.81,36,2,No,0,No
ID0075,35,68011.39,43.68,6298.56,58,4,Yes,0,Yes
ID0076,43,59781.94,35.52,4384.7,13,4,No,1,No
ID0077,61,53578.81,100.27,3110.72,52,3,No,1,Yes
ID0078,51,50592.05,71.38,3288.04,58,1,No,1,No
ID0079,27,47443.41,35.23,510.15,32,1,No,1,Yes
ID0080,53,76476.46,119.54,2748.5,60,2,No,0,No
ID0081,31,71530.97,35.2,5348.44,58,1,Yes,0,Yes
ID0082,48,78251.35,92.55,7806.46,56,1,Yes,1,Yes
ID0083,65,36214.86,118.53,6852.96,28,2,Yes,1,No
ID0084,32,66543.37,51.53,676.96,1,3,No,1,Yes
ID0085,25,76917.02,42.8,7239.2,42,4,Yes,1,No
ID0086,31,39061.65,40.92,6373.99,48,2,No,1,No
ID0087,40,33324.81,57.29,6352.82,40,3,No,0,Yes
ID0088,57,67056.03,39.09,3934.97,63,2,No,0,Yes
ID0089,38,58723.66,92.29,3485.04,4,3,Yes,0,Yes
ID0090,33,72091.44,35.61,2771.87,38,2,Yes,1,Yes
ID0091,62,36988.62,75.85,992.71,27,3,Yes,1,Yes
ID0092,35,69763.37,119.7,2211.77,9,2,No,0,No
ID0093,64,40081.37,103.26,2349.53,16,3,Yes,0,Yes
ID0094,41,38182.8,85.37,4130.58,56,2,No,1,No
ID0095,43,38213.29,57.56,6105.83,31,4,Yes,0,Yes
ID0096,42,70728.74,86.15,4053.57,14,4,Yes,1,Yes
ID0097,62,63259.86,77.43,933.83,25,1,No,1,Yes
ID0098,58,56153.27,68.35,7683.42,34,3,No,0,No
ID0099,46,47941.52,41.76,7570.43,67,2,Yes,0,Yes
ID0100,32,73860.03,109.79,6388.92,24,3,Yes,0,No
ID0101,62,49622.26,70.48,7934.96,26,4,Yes,1,No
ID0102,18,70829.97,47.52,4583.62,20,3,No,1,No
ID0103,42,51956.75,63.1,7720.76,64,2,No,0,Yes
ID0104,24,48847.22,67.27,1067.04,10,3,Yes,1,No
ID0105,26,53133.99,104.48,3242.61,67,2,Yes,1,Yes
ID0106,41,45068.89,96.03,2190.36,24,4,No,1,No
ID0107,18,67380.47,99.24,1968.75,5,4,Yes,0,Yes
ID0108,61,55136.02,30.99,1556.02,67,4,No,1,No
ID0109,25,41610.63,67.45,5168.1,58,1,No,0,Yes
ID0110,41,74978.73,73.32,6359.91,27,4,No,0,Yes
ID0111,28,49194.56,31.73,4837.24,15,3,No,1,Yes
ID0112,68,57177.64,53.38,1602.22,35,1,No,0,No
ID0113,34,75323.61,98.43,6583.43,53,4,No,1,No
ID0114,25,61211.9,42.34,5269.66,44,3,Yes,0,Yes
ID0115,52,35844.9,78.18,3411.24,26,3,No,0,No
ID0116,52,76991.61,49.37,5555.98,47,3,No,1,No
ID0117,50,61385.4,31.09,2449.29,34,2,Yes,0,No
ID0118,22,46745.28,51.71,3088.94,50,1,No,0,No
ID0119,59,36963.6,117.83,7381.14,12,3,Yes,0,No
ID0120,56,69701.26,102.14,2678.78,4,2,No,1,No
ID0121,58,61003.64,116.36,4024.91,48,4,Yes,1,No
ID0122,45,56673.05,73.91,7176.06,55,3,Yes,0,Yes
ID0123,24,74694.63,39.88,5807.91,1,2,No,0,Yes
ID0124,26,69429.86,79.32,966.52,66,3,No,0,No
ID0125,25,37583.74,70.89,1604.77,30,1,No,1,Yes
ID0126,29,45586.1,105.99,558.81,3,1,No,1,Yes
ID0127,51,42424.46,38.83,5231.91,21,4,Yes,0,Yes
ID0128,50,67197.31,73.94,3857.55,49,3,Yes,1,No
ID0129,65,31676.62,43.5,1507.06,62,2,Yes,1,No
ID0130,40,58494.48,59.22,7684.51,38,4,No,1,No
ID0131,41,68122.93,96.36,4472.45,15,3,Yes,1,No
ID0132,54,73838.28,72.84,2314.2,52,4,No,0,No
ID0133,52,47104.09,63.83,4254.53,46,2,No,1,Yes
ID0134,61,71062.87,65.5,5597.15,25,4,Yes,1,No
ID0135,57,35531.59,71.35,1071.79,21,4,No,0,Yes
ID0136,39,72322.61,100.65,2560.28,5,4,Yes,0,No
ID0137,44,36374.43,110.29,6552.24,70,3,No,1,Yes
ID0138,52,49864.36,115.98,3947.49,47,2,Yes,1,No
ID0139,18,69864.77,100.82,4599.33,68,1,No,0,No
ID0140,52,37495.87,58.39,3746.12,18,3,Yes,0,No
ID0141,54,41462.57,91.93,829.25,21,1,Yes,0,No
ID0142,64,66112.63,69.38,1743.12,23,1,No,1,No
ID0143,31,66001.83,52.92,3841.56,64,3,No,1,No
ID0144,20,62057.38,105.68,2068.89,67,3,Yes,0,Yes
ID0145,18,64697.42,33.46,874.84,40,2,No,1,No
ID0146,22,57136.22,111.16,6827.37,10,2,No,0,Yes
ID0147,43,42589.95,71.53,7858.94,52,4,No,1,No
ID0148,31,47284.8,87.35,6448.57,61,1,Yes,0,Yes
ID0149,56,39079.89,89.34,6903.39,64,2,Yes,0,Yes
ID0150,44,75422.53,110.56,2314.83,5,4,No,1,Yes
ID0151,26,59169.59,87.3,7704.7,53,2,No,1,Yes
ID0152,32,50042.57,85.25,1976.94,55,3,Yes,1,Yes
ID0153,32,53100.29,36.0,7635.72,37,2,No,1,Yes
ID0154,43,77364.17,76.66,7961.14,56,1,Yes,1,No
ID0155,59,37667.57,43.52,5837.92,59,2,No,1,Yes
ID0156,30,59311.49,96.37,7858.58,69,1,No,0,No
ID0157,68,55294.43,76.1,4771.55,59,3,No,1,No
ID0158,49,60572.71,91.22,2446.56,2,1,Yes,0,Yes
ID0159,56,30905.51,33.75,3777.47,65,2,Yes,0,Yes
ID0160,66,73606.2,37.63,4951.71,60,4,Yes,1,No
ID0161,69,76605.91,94.47,1048.11,51,3,Yes,0,Yes
ID0162,49,58256.66,36.49,5167.57,30,2,No,0,Yes
ID0163,21,64832.54,36.41,7858.83,11,3,No,1,Yes
ID0164,47,76124.97,31.09,1925.81,39,3,Yes,1,Yes
ID0165,54,65361.93,116.09,6444.46,63,2,No,1,Yes
ID0166,40,37626.95,96.38,7309.24,64,2,No,0,Yes
ID0167,56,58814.42,61.79,7577.76,61,4,Yes,1,Yes
ID0168,62,60335.75,56.69,7701.02,54,3,No,1,No
ID0169,32,51206.53,61.47,4410.95,58,3,No,1,Yes
ID0170,60,66822.21,99.72,7829.81,56,2,Yes,1,No
ID0171,46,76718.35,89.52,6179.83,34,1,No,0,No
ID0172,53,76278.43,46.67,1712.54,31,2,No,1,No
ID0173,30,52541.97,45.67,4076.75,52,3,No,0,No
ID0174,49,35661.9,38.86,5887.48,1,2,Yes,1,Yes
ID0175,24,79242.06,89.43,2355.05,55,4,Yes,0,No
ID0176,68,71944.9,98.79,5304.61,22,1,No,0,No
ID0177,39,36233.13,53.85,5499.5,40,2,No,0,No
ID0178,45,76042.09,31.89,1720.25,1,4,No,1,No
ID0179,19,73494.82,37.4,4738.14,65,3,Yes,0,No
ID0180,59,55941.9,117.11,6287.2,63,2,Yes,1,Yes
ID0181,62,59563.77,56.59,4241.72,54,3,Yes,1,Yes
ID0182,23,49950.14,99.23,590.77,42,4,No,1,No
ID0183,45,32738.08,86.22,567.79,21,3,No,1,Yes
ID0184,45,46759.86,64.37,3177.72,22,4,No,1,Yes
ID0185,61,70142.67,48.51,7446.46,38,4,No,0,No
ID0186,61,30231.6,40.92,2215.08,8,4,No,1,No
ID0187,37,46674.96,85.35,5257.73,62,2,Yes,0,No
ID0188,47,49908.43,99.72,2165.57,47,3,No,0,Yes
ID0189,28,56869.78,87.95,2912.52,17,3,No,0,No
ID0190,45,75992.78,77.73,6860.32,17,1,No,0,Yes
ID0191,42,47317.3,33.78,5966.46,13,1,Yes,0,Yes
ID0192,56,47347.66,117.16,1215.49,17,1,No,0,Yes
ID0193,50,66875.06,101.88,3715.27,38,1,Yes,0,No
ID0194,18,52610.9,56.35,718.77,45,3,Yes,1,Yes
ID0195,44,41230.24,118.2,4106.68,6,4,Yes,0,No
ID0196,69,52621.98,84.17,5468.26,35,4,Yes,1,No
ID0197,30,37042.85,82.42,1388.77,14,2,Yes,0,No
ID0198,58,38819.35,97.33,2666.64,61,4,No,0,No
ID0199,20,54918.39,103.06,3483.77,15,3,No,0,No
ID0200,56,50946.27,89.08,7396.48,54,3,Yes,0,Yes
ID0201,23,75742.3,41.53,7949.41,27,3,Yes,1,Yes
ID0202,25,48119.69,60.44,836.83,13,2,Yes,1,Yes
ID0203,44,59029.42,113.53,6207.56,31,1,No,1,Yes
ID0204,26,61613.21,50.22,3287.93,35,4,No,0,Yes
ID0205,54,30654.72,63.5,3443.44,60,3,Yes,0,No
ID0206,50,63176.87,68.89,6156.99,6,3,No,0,No
ID0207,68,38901.8,69.55,7388.2,69,1,No,1,Yes
ID0208,59,78053.52,85.16,7631.96,58,3,Yes,0,Yes
ID0209,61,37433.14,114.88,4828.42,49,4,Yes,1,Yes
ID0210,41,50731.21,51.66,3178.41,23,2,No,1,No
ID0211,32,34267.48,40.94,6406.62,34,3,No,0,No
ID0212,49,79843.71,47.77,2382.51,26,4,No,0,No
ID0213,49,55109.75,109.82,4730.56,47,3,Yes,1,Yes
ID0214,41,59769.25,88.12,3189.34,5,1,Yes,1,Yes
ID0215,58,33353.82,55.73,5424.73,20,3,Yes,1,Yes
ID0216,69,67498.02,103.44,2302.99,6,3,No,0,Yes
ID0217,66,40495.28,107.52,1936.95,70,2,No,0,No
ID0218,66,74902.71,106.19,7386.79,59,1,Yes,0,Yes
ID0219,69,40256.98,112.7,1263.53,64,1,No,0,Yes
ID0220,29,39534.39,52.7,4294.68,18,2,Yes,0,Yes
ID0221,56,31827.48,97.95,2156.4,4,3,No,0,No
ID0222,19,53603.35,71.45,791.97,17,4,Yes,1,No
ID0223,20,58242.06,105.78,770.14,14,1,No,1,Yes
ID0224,66,33285.43,95.56,1814.16,13,1,No,1,No
ID0225,54,68776.38,99.88,7000.78,7,3,Yes,0,No
ID0226,66,52664.44,89.05,2618.59,44,3,Yes,1,No
ID0227,34,56219.51,45.97,7628.44,15,1,Yes,0,No
ID0228,66,52038.14,79.05,4862.17,19,3,Yes,0,No
ID0229,19,50038.15,118.62,3774.61,63,4,Yes,1,Yes
ID0230,19,57982.02,114.36,4850.67,35,1,No,0,Yes
ID0231,45,37762.01,33.89,4375.24,35,4,Yes,1,Yes
ID0232,40,39096.41,44.83,6190.82,19,4,Yes,1,No
ID0233,54,73089.28,41.86,2618.72,20,3,Yes,0,No
ID0234,49,77305.77,95.34,3147.88,35,4,Yes,1,No
ID0235,50,48665.47,103.6,7205.71,32,3,Yes,1,No
ID0236,18,43537.23,49.22,7598.42,48,2,No,1,Yes
ID0237,36,62199.98,75.53,7194.19,44,3,Yes,1,Yes
ID0238,19,50436.71,105.66,3645.86,24,4,Yes,0,Yes
ID0239,61,31269.32,95.95,6352.74,61,2,Yes,1,Yes
ID0240,43,37807.63,78.8,4072.52,17,3,No,1,Yes
ID0241,49,65798.61,83.13,4231.55,71,4,No,1,Yes
ID0242,23,62946.2,75.75,2035.1,50,1,Yes,0,No
ID0243,49,31354.8,56.78,4933.48,65,1,Yes,1,No
ID0244,21,41098.61,80.85,1896.02,32,3,No,0,Yes
ID0245,28,41553.74,92.0,2986.74,36,3,No,1,No
ID0246,34,63594.64,108.6,6912.73,13,1,No,1,Yes
ID0247,55,30985.53,87.27,2053.07,70,4,Yes,1,Yes
ID0248,41,35205.43,98.5,1033.69,58,4,Yes,0,No
ID0249,22,69995.8,44.41,1017.56,14,4,No,0,Yes
ID0250,69,38927.23,71.54,7555.88,37,3,Yes,0,Yes
ID0251,51,62637.31,30.84,4301.9,68,2,No,0,Yes
ID0252,23,41909.14,52.2,3570.59,40,2,No,0,No
ID0253,39,34972.07,95.38,6581.59,59,2,No,0,No
ID0254,28,42158.61,119.26,6768.69,16,2,Yes,1,No
ID0255,65,66113.35,38.93,2991.43,62,2,No,0,No
ID0256,33,72784.82,66.13,5702.14,4,3,No,1,Yes
ID0257,50,71510.99,102.01,6283.42,45,3,Yes,0,No
ID0258,26,49859.18,48.36,5409.88,28,2,No,0,No
ID0259,23,63404.26,79.96,1636.96,66,3,Yes,0,No
ID0260,33,40249.21,95.98,7069.12,31,3,No,1,Yes
ID0261,46,44657.39,85.44,4543.21,3,2,Yes,0,No
ID0262,20,74816.79,46.92,2618.54,8,4,No,0,No
ID0263,37,30650.1,61.98,3689.21,24,3,No,1,Yes
ID0264,53,34275.43,100.54,781.78,15,4,No,1,Yes
ID0265,36,40394.31,79.88,1459.0,43,3,No,1,Yes
ID0266,43,31326.61,30.47,6241.6,31,3,No,1,Yes
ID0267,20,39071.77,98.49,500.09,45,2,Yes,0,No
ID0268,36,59152.08,33.18,3624.24,66,3,Yes,1,Yes
ID0269,37,51071.23,97.12,4418.83,8,1,No,0,No
ID0270,49,74633.59,48.22,909.76,71,1,No,0,No
ID0271,24,70872.18,116.23,7798.09,57,2,No,1,No
ID0272,69,47090.87,63.11,2195.94,30,4,Yes,0,No
ID0273,58,42971.17,59.42,2781.49,18,4,Yes,1,No
ID0274,50,48984.62,43.4,2779.57,69,4,No,0,Yes
ID0275,57,59514.75,57.5,2228.12,39,1,Yes,1,No
ID0276,56,43403.18,108.9,511.05,60,4,No,1,No
ID0277,35,61207.45,119.67,5970.09,43,4,No,1,No
ID0278,57,50470.58,63.15,7751.34,45,2,No,1,Yes
ID0279,18,57602.36,70.37,2182.2,23,4,Yes,1,No
ID0280,28,51806.33,94.99,5472.85,69,1,No,1,No
ID0281,45,44723.29,109.76,6064.22,6,1,No,0,Yes
ID0282,42,77422.67,83.37,6863.19,56,1,No,0,No
ID0283,67,68180.29,65.24,3669.72,4,2,Yes,0,No
ID0284,40,37005.66,67.14,2771.98,23,2,Yes,1,Yes
ID0285,48,73423.4,92.61,2939.71,6,3,Yes,0,No
ID0286,47,54371.56,30.29,5844.66,32,4,No,1,No
ID0287,59,74727.61,85.76,6625.85,18,2,Yes,0,No
ID0288,52,69992.76,61.99,1862.1,15,1,No,0,No
ID0289,24,51260.68,101.48,3282.06,40,1,Yes,1,No
ID0290,33,31123.47,38.37,7264.55,6,2,No,0,Yes
ID0291,43,43433.87,82.94,6550.2,63,2,Yes,0,Yes
ID0292,65,57081.71,73.29,7886.44,67,2,No,0,Yes
ID0293,69,61673.91,87.81,6156.86,11,3,Yes,1,No
ID0294,66,42894.38,35.84,3448.96,43,1,Yes,0,No
ID0295,19,36967.8,82.2,4929.78,17,3,Yes,1,No
ID0296,18,71746.51,80.53,5457.61,4,3,No,0,Yes
ID0297,65,79220.11,80.46,1088.42,63,4,Yes,0,No
ID0298,29,56284.51,84.31,4583.73,68,1,Yes,0,No
ID0299,22,38583.96,90.88,5819.91,41,1,Yes,0,No
ID0300,54,43615.37,102.45,1754.91,5,2,Yes,1,Yes
ID0301,49,30919.53,54.28,6354.74,32,2,No,0,Yes
ID0302,26,75714.94,104.25,4878.3,70,4,Yes,1,No
ID0303,58,35887.55,74.84,7641.66,35,3,No,1,No
ID0304,52,58825.82,36.94,818.17,22,2,No,0,No
ID0305,36,43702.76,35.27,2489.95,65,2,No,0,Yes
ID0306,65,57708.9,60.08,5011.65,22,1,No,1,Yes
ID0307,33,62571.02,100.64,2724.2,11,1,Yes,1,Yes
ID0308,20,71487.09,93.69,5858.18,3,2,No,0,No
ID0309,37,40321.06,100.98,6192.54,9,1,No,0,Yes
ID0310,41,30549.79,76.55,1268.87,60,4,No,0,No
ID0311,50,36844.28,69.62,4353.91,14,2,No,0,No
ID0312,41,75000.93,43.27,4316.68,18,1,Yes,0,Yes
ID0313,69,73694.5,59.54,3269.61,23,4,Yes,1,No
ID0314,28,59870.66,69.06,7496.94,47,1,No,0,Yes
ID0315,66,60025.84,37.97,6706.3,69,1,No,0,No
ID0316,25,63251.83,49.86,5729.07,47,1,No,1,No
ID0317,53,38768.56,83.84,5857.45,30,2,Yes,0,Yes
ID0318,55,75720.6,96.21,3962.87,25,3,Yes,0,No
ID0319,57,50938.53,119.85,7407.46,28,1,Yes,1,No
ID0320,37,49156.93,113.98,5709.47,25,4,Yes,0,No
ID0321,52,55945.89,87.83,5967.36,58,2,Yes,1,No
ID0322,65,32348.3,67.91,6962.68,41,2,No,0,No
ID0323,42,38314.17,87.26,2555.54,25,4,Yes,0,No
ID0324,52,66901.68,100.71,6553.03,48,1,Yes,0,No
ID0325,42,34139.93,40.65,1964.3,10,3,No,1,No
ID0326,46,60157.61,66.89,3090.06,11,1,Yes,1,Yes
ID0327,35,42267.46,105.58,3017.08,21,4,Yes,1,Yes
ID0328,63,49464.78,64.54,7838.94,45,2,Yes,1,No
ID0329,35,44434.69,81.47,6924.03,7,3,No,0,No
ID0330,19,47783.64,82.9,5758.77,64,2,Yes,1,Yes
ID0331,52,65952.3,46.6,5952.93,64,4,No,1,No
ID0332,33,44856.09,62.6,4715.55,2,1,No,1,Yes
ID0333,58,58320.23,60.11,7603.18,42,3,Yes,0,Yes
ID0334,53,53802.52,32.36,4221.94,54,2,Yes,0,Yes
ID0335,50,63183.56,32.18,3353.88,16,2,Yes,1,No
ID0336,21,76841.49,104.85,1722.77,18,2,Yes,1,No
ID0337,50,66628.6,54.58,6396.54,59,1,No,0,No
ID0338,31,40747.02,76.63,6008.33,16,3,Yes,1,Yes
ID0339,38,31559.16,56.89,3382.66,6,1,No,1,Yes
ID0340,65,43113.2,114.66,688.95,57,1,No,1,Yes
ID0341,37,59753.9,53.34,6792.48,47,1,No,1,No
ID0342,25,32571.29,68.67,585.63,48,4,No,0,Yes
ID0343,24,54818.31,108.55,5777.75,42,4,No,0,Yes
ID0344,20,59842.14,105.77,7776.93,60,4,Yes,0,No
ID0345,34,46712.19,46.75,3782.46,4,3,No,1,Yes
ID0346,50,68545.61,102.24,2262.3,2,1,No,1,Yes
ID0347,65,35329.91,71.24,5786.53,59,1,Yes,0,No
ID0348,29,33756.89,73.47,6628.46,27,4,Yes,0,No
ID0349,68,66409.44,42.01,4598.23,27,1,No,0,Yes
ID0350,39,54774.57,37.25,7752.76,7,1,No,1,No
ID0351,39,64420.12,95.51,887.52,63,2,Yes,0,Yes
ID0352,63,51741.37,74.68,4285.97,46,1,No,1,No
ID0353,47,42320.1,69.32,5888.4,63,2,Yes,1,Yes
ID0354,55,70955.12,95.66,6969.8,12,1,Yes,0,No
ID0355,55,69970.79,98.9,1844.42,13,3,No,0,Yes
ID0356,62,64734.82,44.3,6500.03,43,4,Yes,1,No
ID0357,68,43607.26,84.92,4645.3,17,2,No,0,No
ID0358,25,59511.53,42.18,3474.15,63,4,No,0,No
ID0359,44,48048.69,97.62,1487.86,36,2,No,1,No
ID0360,44,34579.1,89.13,6989.72,8,2,Yes,1,No
ID0361,51,75865.68,116.1,1679.55,69,2,No,1,No
ID0362,38,36840.93,36.21,2823.41,36,3,Yes,1,No
ID0363,47,77511.87,35.13,2675.34,28,1,No,1,Yes
ID0364,50,52300.29,55.4,7035.61,47,2,No,0,Yes
ID0365,45,39256.65,53.55,5545.27,30,3,Yes,1,No
ID0366,64,57095.05,52.23,6475.11,23,2,No,1,No
ID0367,50,73647.29,111.56,2378.51,16,1,No,1,Yes
ID0368,22,66611.24,52.46,5186.56,14,2,Yes,0,Yes
ID0369,65,70328.06,54.48,4788.09,71,3,Yes,1,No
ID0370,36,62939.17,98.35,6746.23,52,1,Yes,1,Yes
ID0371,21,64613.83,70.48,7295.65,37,3,No,1,Yes
ID0372,52,72459.78,99.9,591.18,29,1,Yes,0,No
ID0373,66,42483.4,35.88,5555.15,67,1,Yes,1,No
ID0374,34,54471.25,73.88,888.77,15,4,No,1,No
ID0375,61,41060.47,33.03,4616.44,47,4,Yes,1,Yes
ID0376,45,79383.4,35.64,2657.25,46,4,No,0,No
ID0377,47,77202.97,111.58,2800.82,52,1,No,0,No
ID0378,46,31971.34,42.53,3147.19,19,2,Yes,0,Yes
ID0379,63,65278.76,77.92,5159.69,21,3,No,0,No
ID0380,23,76262.42,67.0,3005.37,64,3,Yes,1,Yes
ID0381,52,39028.77,61.26,5995.24,37,3,Yes,1,Yes
ID0382,58,58397.26,110.99,3533.96,27,4,Yes,0,Yes
ID0383,54,75774.41,31.96,1012.65,55,1,Yes,0,Yes
ID0384,41,31697.3,89.74,6378.2,29,4,No,1,Yes
ID0385,46,64871.01,116.71,2643.19,20,2,No,1,Yes
ID0386,66,44867.45,80.42,3745.75,25,1,Yes,0,No
ID0387,63,76219.81,114.31,5640.83,70,3,Yes,0,No
ID0388,48,78552.91,34.7,2993.42,63,4,No,0,No
ID0389,52,77213.32,67.69,924.39,36,4,Yes,0,Yes
ID0390,50,53710.71,53.41,3304.41,2,2,No,1,No
ID0391,69,73102.13,95.77,7583.36,22,2,Yes,0,Yes
ID0392,38,72227.47,118.32,5313.01,16,4,No,0,No
ID0393,49,45955.02,53.09,5536.09,18,2,No,1,Yes
ID0394,40,71445.77,88.88,5242.12,69,3,No,1,No
ID0395,50,31850.38,47.83,1992.44,54,2,Yes,1,Yes
ID0396,20,59813.49,80.88,3637.5,30,2,Yes,1,No
ID0397,35,41500.44,71.75,6132.05,45,4,Yes,1,Yes
ID0398,42,36028.34,117.48,1260.3,19,4,Yes,0,No
ID0399,59,33847.66,84.77,2583.9,34,1,Yes,0,Yes
ID0400,48,64814.44,61.46,2572.39,13,1,No,0,No
ID0401,20,46993.75,40.27,3740.14,43,4,No,1,No
ID0402,57,66238.34,43.61,7852.77,62,2,No,0,No
ID0403,63,33267.82,50.28,1006.27,22,2,No,1,Yes
ID0404,41,45764.52,52.59,4390.26,52,1,No,0,Yes
ID0405,67,56974.56,106.56,1845.24,52,1,No,0,Yes
ID0406,49,69536.16,80.51,7780.07,36,1,No,1,Yes
ID0407,64,45937.63,77.11,1349.78,19,3,Yes,1,Yes
ID0408,39,61294.57,40.33,3527.01,38,3,No,0,No
ID0409,40,74298.89,107.41,6034.14,70,1,Yes,0,Yes
ID0410,19,60793.16,95.05,5784.16,57,2,No,0,No
ID0411,44,41647.97,36.09,3670.46,20,1,No,0,No
ID0412,59,31220.04,93.71,3098.93,9,3,Yes,0,Yes
ID0413,19,73504.94,78.92,3482.09,32,2,No,1,No
ID0414,43,31063.47,37.36,2482.07,4,3,Yes,1,Yes
ID0415,34,73735.08,71.25,2040.0,50,2,No,1,Yes
ID0416,57,56446.86,73.62,4122.8,5,3,Yes,1,Yes
ID0417,50,76953.38,44.92,2514.0,20,2,No,0,No
ID0418,26,69939.16,115.11,2655.96,37,2,Yes,0,Yes
ID0419,60,79896.71,106.5,5425.67,22,2,Yes,1,Yes
ID0420,65,47535.59,90.21,7764.03,58,2,No,0,Yes
ID0421,56,68359.41,71.61,5027.28,68,4,No,1,No
ID0422,46,50096.55,67.06,1077.35,44,3,Yes,0,Yes
ID0423,59,53993.78,88.59,1066.88,34,3,No,0,No
ID0424,43,61375.27,79.09,7635.67,42,4,Yes,0,No
ID0425,52,73683.86,35.6,2729.68,9,2,No,1,Yes
ID0426,67,79204.17,76.13,1190.5,7,2,Yes,1,No
ID0427,42,68413.67,102.58,4992.83,68,3,No,1,No
ID0428,41,50888.34,71.33,5177.37,19,4,Yes,1,Yes
ID0429,30,51067.85,34.68,5363.79,31,2,No,0,Yes
ID0430,24,66879.12,100.77,2505.52,35,2,Yes,0,Yes
ID0431,53,41938.86,48.12,613.33,57,2,Yes,0,No
ID0432,62,35523.71,53.28,7737.62,61,1,No,0,Yes
ID0433,37,47731.11,44.82,2381.7,31,4,No,1,No
ID0434,18,44361.95,59.72,5570.2,53,2,Yes,0,No
ID0435,25,44815.41,98.11,5799.72,32,1,Yes,0,No
ID0436,63,41680.39,76.74,5075.06,66,4,Yes,0,No
ID0437,33,32104.66,48.44,2846.81,59,2,Yes,1,No
ID0438,31,30893.7,109.0,2533.22,10,3,No,1,Yes
ID0439,29,79386.12,109.16,4982.51,2,1,Yes,1,Yes
ID0440,68,51388.66,108.35,6995.72,66,1,Yes,0,No
ID0441,40,49216.33,51.49,7600.5,60,2,Yes,1,No
ID0442,32,63982.36,70.61,1294.29,17,2,No,0,Yes
ID0443,45,40912.69,118.65,1661.21,16,1,Yes,0,Yes
ID0444,51,77498.06,99.48,7585.52,16,3,No,0,No
ID0445,19,69317.25,32.45,6024.01,46,3,No,1,No
ID0446,49,34470.55,35.87,7122.45,39,4,No,1,Yes
ID0447,40,50879.04,71.75,2019.74,31,2,No,0,Yes
ID0448,39,73955.92,111.83,4906.89,1,3,No,0,No
ID0449,68,77236.6,78.48,5758.55,11,4,No,1,Yes
ID0450,42,53370.08,74.8,5600.84,4,3,No,1,Yes
ID0451,39,60670.57,39.49,3561.14,71,2,Yes,1,No
ID0452,39,38351.7,89.11,615.46,26,4,Yes,0,No
ID0453,66,79558.43,103.99,4871.95,50,4,No,0,No
ID0454,69,41583.59,64.24,2398.26,12,4,Yes,0,Yes
ID0455,59,77136.59,99.81,3876.91,65,3,Yes,1,No
ID0456,23,62482.33,116.8,7681.86,47,2,No,1,Yes
ID0457,32,60386.84,48.34,3492.76,53,4,Yes,1,No
ID0458,60,55634.43,77.1,6798.51,71,1,No,0,No
ID0459,54,41533.49,55.84,1914.05,2,2,Yes,0,Yes
ID0460,50,38826.4,101.36,5543.45,24,1,No,1,Yes
ID0461,25,41024.31,81.98,7827.55,4,1,No,0,No
ID0462,61,39321.91,87.11,1264.2,19,4,Yes,1,No
ID0463,61,68979.22,101.81,562.4,26,4,Yes,0,Yes
ID0464,22,47506.26,65.64,3751.87,40,3,No,1,No
ID0465,56,32892.13,112.36,1194.69,50,3,No,0,Yes
ID0466,21,78455.13,77.97,6112.88,43,3,No,0,Yes
ID0467,23,74189.29,44.22,7359.11,67,2,Yes,1,No
ID0468,62,76387.61,92.63,3755.16,12,3,Yes,1,Yes
ID0469,49,79745.39,101.39,2440.34,67,1,Yes,1,Yes
ID0470,69,38694.76,58.51,3758.02,27,3,Yes,1,Yes
ID0471,47,49812.1,107.15,5925.86,54,4,No,1,No
ID0472,64,67911.92,111.55,567.91,66,3,No,0,Yes
ID0473,52,64801.03,54.92,4920.9,49,2,No,1,No
ID0474,57,37694.8,118.52,5099.69,16,2,No,1,No
ID0475,69,70791.66,42.66,5282.66,2,1,Yes,1,No
ID0476,33,41222.03,48.18,2315.17,60,2,No,0,Yes
ID0477,30,41190.88,46.58,5855.4,54,3,No,1,Yes
ID0478,67,56848.72,110.46,1185.44,30,4,Yes,1,No
ID0479,59,59647.0,88.89,1994.53,38,2,Yes,1,No
ID0480,47,59004.31,43.69,7081.03,28,1,No,0,Yes
ID0481,36,34574.34,69.63,6040.42,25,3,Yes,0,No
ID0482,34,73873.04,85.38,603.09,10,1,No,1,No
ID0483,36,43280.0,37.51,2362.82,60,2,Yes,0,Yes
ID0484,45,36475.75,109.42,2108.05,42,2,Yes,1,No
ID0485,43,74437.4,102.32,2531.05,40,1,No,0,Yes
ID0486,54,77782.57,75.47,2356.7,42,3,Yes,1,Yes
ID0487,43,73106.38,117.04,968.95,47,2,No,0,No
ID0488,40,70475.8,67.6,3942.05,37,4,Yes,1,Yes
ID0489,26,62762.1,118.57,5995.5,22,2,Yes,1,Yes
ID0490,29,57542.87,90.11,5050.49,57,3,Yes,0,Yes
ID0491,18,34349.34,87.12,5546.54,27,2,Yes,1,No
ID0492,18,50422.66,44.94,1108.62,41,1,Yes,1,No
ID0493,64,48634.43,109.37,7636.18,34,2,No,1,No
ID0494,51,42987.69,68.47,6788.69,32,2,Yes,1,Yes
ID0495,49,66171.01,44.6,6538.18,66,3,No,0,Yes
ID0496,65,54793.79,31.13,6672.38,12,1,Yes,1,No
ID0497,42,34052.31,80.38,7495.33,40,3,No,0,No
ID0498,57,41009.16,77.47,4581.9,10,2,Yes,0,Yes
ID0499,62,64162.94,94.74,2002.12,48,4,No,0,No
ID0500,18,33806.54,110.12,5125.88,20,2,No,0,No
ID0501,33,72560.35,37.15,6071.61,39,3,Yes,1,No
ID0502,56,54757.33,95.83,6034.38,60,4,Yes,1,No
ID0503,22,54029.33,46.87,4410.87,66,3,Yes,0,No
ID0504,39,59620.39,107.24,1013.44,65,3,No,1,Yes
ID0505,46,71234.05,103.72,3283.35,51,1,No,0,No
ID0506,20,47390.46,78.67,7405.75,36,4,Yes,1,No
ID0507,29,63900.81,93.92,4883.37,24,2,Yes,1,Yes
ID0508,43,58286.6,58.29,4537.49,27,3,No,1,Yes
ID0509,33,43351.41,72.41,2516.4,2,2,No,0,Yes
ID0510,68,73931.5,103.95,3263.37,31,1,Yes,0,Yes
ID0511,54,69871.3,71.33,7215.1,57,1,No,1,No
ID0512,39,62922.59,62.2,5498.47,66,4,Yes,0,No
ID0513,46,72529.09,74.48,6405.4,29,1,Yes,0,No
ID0514,31,73364.71,104.54,3907.59,15,1,Yes,1,No
ID0515,45,65418.15,60.17,5226.85,12,2,No,0,Yes
ID0516,22,71850.67,45.64,2362.88,28,1,No,1,Yes
ID0517,64,64873.57,94.08,5790.96,24,1,No,1,No
ID0518,66,64007.04,104.34,3707.01,21,3,No,1,No
ID0519,47,60930.57,39.06,3819.09,10,1,Yes,0,No
ID0520,63,67635.83,51.59,5369.92,18,3,No,1,No
ID0521,69,37930.26,42.78,7522.1,14,1,Yes,1,Yes
ID0522,22,74043.54,61.31,980.05,34,1,Yes,0,No
ID0523,29,73592.18,70.53,6685.57,58,4,Yes,0,Yes
ID0524,33,31462.36,97.39,2692.87,22,4,No,0,Yes
ID0525,43,71290.84,88.6,3829.4,70,3,Yes,0,Yes
ID0526,43,36443.49,85.88,664.35,36,1,Yes,1,Yes
ID0527,65,46755.94,61.71,2757.85,45,2,No,0,No
ID0528,38,67175.41,105.73,4269.73,36,4,Yes,0,No
ID0529,56,38037.99,72.42,921.32,22,2,No,0,No
ID0530,53,70898.35,118.12,4183.22,61,4,No,0,No
ID0531,50,71606.71,87.07,7453.33,56,4,No,1,Yes
ID0532,47,55373.39,41.36,1290.45,33,1,Yes,0,Yes
ID0533,54,30319.29,90.86,6233.31,45,4,No,1,Yes
ID0534,40,44351.91,59.26,3572.53,36,2,No,0,No
ID0535,27,60846.35,91.77,5413.8,20,4,No,1,Yes
ID0536,22,79059.31,36.27,2451.77,18,3,No,1,Yes
ID0537,53,61590.68,45.74,1696.19,38,1,Yes,0,Yes
ID0538,51,42990.18,107.02,1703.47,67,1,No,1,Yes
ID0539,69,61700.29,50.45,1028.69,23,3,Yes,0,No
ID0540,48,56999.27,105.33,1892.35,16,3,No,1,Yes
ID0541,27,68992.27,55.13,5481.65,59,3,Yes,1,Yes
ID0542,36,35349.03,87.86,7112.68,69,4,No,1,No
ID0543,49,68051.4,92.47,6605.94,68,1,Yes,0,No
ID0544,18,57063.33,76.14,5638.51,21,3,No,1,No
ID0545,22,78149.6,57.48,1328.24,70,4,Yes,0,Yes
ID0546,62,47093.61,49.14,2668.91,12,3,Yes,1,Yes
ID0547,21,61631.09,32.99,2823.55,16,2,Yes,1,Yes
ID0548,33,76601.41,57.36,2374.68,14,2,No,1,Yes
ID0549,41,35125.49,88.78,4362.54,61,1,Yes,1,No
ID0550,33,76861.42,114.45,4516.65,71,4,Yes,1,Yes
ID0551,19,64394.29,108.41,3176.64,46,2,Yes,1,Yes
ID0552,66,33391.85,98.95,3153.42,32,2,Yes,0,No
ID0553,45,45048.18,100.96,6714.17,15,4,No,0,No
ID0554,49,65408.6,89.85,6419.7,44,3,Yes,0,No
ID0555,44,33367.53,53.43,2808.47,17,4,Yes,1,Yes
ID0556,37,59108.52,111.65,7353.41,41,3,Yes,0,Yes
ID0557,41,47294.15,90.37,7646.11,54,2,No,1,Yes
ID0558,29,61045.78,80.44,2950.57,44,2,Yes,0,Yes
ID0559,67,32287.1,39.99,3158.19,5,2,Yes,0,Yes
ID0560,52,73576.84,70.23,4292.26,27,1,Yes,1,No
ID0561,50,78674.45,71.43,7558.41,43,1,Yes,1,No
ID0562,50,78443.89,107.81,7072.4,31,1,No,0,Yes
ID0563,68,67482.59,79.2,1269.26,17,4,Yes,0,Yes
ID0564,60,36504.31,64.24,3445.48,54,2,Yes,0,Yes
ID0565,54,67913.16,117.91,4650.28,62,2,No,0,Yes
ID0566,29,31229.35,39.96,4273.49,32,4,No,1,Yes
ID0567,20,31106.18,68.03,1953.97,40,1,No,0,No
ID0568,18,46180.51,33.78,6941.13,13,4,Yes,1,No
ID0569,50,54432.16,96.59,5577.06,35,1,No,1,No
ID0570,57,68520.37,112.63,6784.31,5,2,Yes,0,Yes
ID0571,27,64164.77,55.2,6940.73,29,3,No,1,Yes
ID0572,60,52295.14,107.25,6112.67,70,1,Yes,0,No
ID0573,61,43681.33,56.3,3794.08,25,2,No,1,No
ID0574,46,79856.23,111.97,5079.1,22,2,Yes,1,Yes
ID0575,30,51309.07,97.86,1702.74,66,3,No,0,No
ID0576,29,52569.35,102.44,5552.34,45,2,Yes,1,No
ID0577,48,38181.19,31.62,1844.4,69,2,Yes,1,Yes
ID0578,63,69740.48,116.65,5704.62,1,1,Yes,0,No
ID0579,19,64684.11,95.4,2221.99,44,1,Yes,1,No
ID0580,68,41038.48,57.43,1381.63,39,3,Yes,1,No
ID0581,67,34119.05,104.65,1739.63,54,3,Yes,0,Yes
ID0582,52,64024.97,55.34,514.94,29,2,Yes,0,No
ID0583,40,62725.56,108.55,5890.55,54,1,Yes,1,No
ID0584,34,43662.98,40.13,5993.01,16,3,No,1,No
ID0585,43,77543.18,93.33,4362.0,20,3,Yes,1,Yes
ID0586,25,37552.89,78.66,1710.22,46,4,Yes,0,Yes
ID0587,46,51616.74,38.69,1126.66,67,3,No,1,No
ID0588,43,77180.8,51.77,643.47,65,2,Yes,1,Yes
ID0589,27,50986.37,31.12,1743.11,58,1,No,1,No
ID0590,43,61926.3,72.19,7181.42,53,3,Yes,1,Yes
ID0591,51,49879.72,57.11,2311.53,1,4,No,1,Yes
ID0592,68,43710.76,83.85,3157.03,66,1,No,1,No
ID0593,58,79198.88,56.75,1290.09,29,3,Yes,0,No
ID0594,24,50466.7,56.99,2167.71,70,4,No,0,No
ID0595,21,74704.96,96.89,4394.18,8,3,Yes,1,Yes
ID0596,67,41497.73,34.33,5058.15,29,1,Yes,1,No
ID0597,62,40655.24,111.26,2340.14,51,1,Yes,0,Yes
ID0598,28,31556.7,106.7,932.99,33,1,Yes,0,Yes
ID0599,46,62583.34,90.1,3432.75,3,2,No,0,No
ID0600,53,48426.32,83.39,2256.53,60,3,Yes,1,Yes
ID0601,42,73217.91,110.31,2146.65,35,2,No,1,No
ID0602,38,53660.5,46.68,7698.97,69,1,No,1,Yes
ID0603,53,78409.67,37.11,5122.25,20,4,Yes,1,No
ID0604,27,39276.28,51.56,4676.59,39,3,Yes,0,Yes
ID0605,54,73431.16,101.51,3618.31,4,2,Yes,0,Yes
ID0606,26,68829.84,33.12,3717.08,19,3,Yes,0,No
ID0607,41,68546.09,82.45,4556.79,45,4,No,0,Yes
ID0608,52,72239.16,119.59,5723.22,43,2,Yes,1,No
ID0609,66,68051.2,107.01,5766.1,13,1,No,1,Yes
ID0610,52,61311.02,76.93,1787.7,13,2,Yes,0,Yes
ID0611,65,36562.24,35.73,4250.85,60,3,Yes,0,Yes
ID0612,53,31626.31,104.82,3589.69,57,3,Yes,0,No
ID0613,35,76042.39,83.91,7028.95,52,3,Yes,0,No
ID0614,66,60832.52,40.34,5235.64,53,3,No,0,No
ID0615,56,69826.86,38.45,4493.78,43,1,No,1,No
ID0616,49,54076.12,111.87,1365.46,42,2,Yes,1,No
ID0617,41,35865.41,90.23,5042.28,26,1,No,0,Yes
ID0618,40,36259.29,104.64,1379.03,23,1,No,0,Yes
ID0619,49,64278.26,109.11,3029.05,43,1,Yes,0,No
ID0620,54,51515.29,81.46,1571.31,28,3,Yes,1,Yes
ID0621,29,40026.24,76.57,5690.55,9,3,No,1,Yes
ID0622,66,54579.73,68.74,2046.89,20,3,No,1,Yes
ID0623,30,33210.45,58.53,3438.95,56,2,No,0,Yes
ID0624,40,59098.57,69.11,7217.56,39,4,No,1,No
ID0625,42,43449.67,99.65,2032.37,51,3,Yes,0,Yes
ID0626,52,69877.96,84.17,4308.54,12,2,Yes,1,No
ID0627,58,45518.1,110.33,3644.54,55,3,No,1,No
ID0628,47,52761.01,69.9,635.93,11,3,Yes,1,Yes
ID0629,34,30581.03,84.64,6445.69,26,1,No,0,No
ID0630,66,33622.34,86.82,1017.84,42,1,No,0,Yes
ID0631,37,49624.68,83.25,4056.91,27,1,Yes,1,Yes
ID0632,65,53996.94,93.24,4705.09,11,2,No,0,Yes
ID0633,42,60001.03,51.37,5213.2,38,4,No,0,No
ID0634,39,44583.13,76.11,5664.74,43,4,Yes,0,No
ID0635,30,64749.09,39.38,2399.54,19,2,Yes,0,No
ID0636,36,73006.12,64.61,574.84,64,3,No,0,Yes
ID0637,66,68992.55,73.89,5925.83,6,2,No,0,Yes
ID0638,53,31980.94,88.7,4517.42,46,3,Yes,0,Yes
ID0639,29,54025.35,115.55,6770.88,42,2,No,1,No
ID0640,58,35246.51,84.06,6660.41,65,2,No,0,Yes
ID0641,36,42102.25,96.92,6824.95,59,2,Yes,0,Yes
ID0642,29,79333.13,75.56,4138.21,52,4,Yes,1,No
ID0643,26,37124.78,87.07,3002.21,47,1,Yes,1,No
ID0644,24,54944.41,36.38,6436.69,7,2,Yes,1,No
ID0645,45,60907.79,52.9,3884.71,11,4,Yes,1,Yes
ID0646,31,65123.25,62.57,1875.82,61,1,Yes,0,Yes
ID0647,48,57982.43,72.52,6912.31,68,1,No,1,Yes
ID0648,69,30488.54,34.11,7119.2,25,2,No,1,No
ID0649,36,46323.07,42.6,3997.32,12,3,Yes,0,No
ID0650,64,55885.58,54.91,1067.75,26,3,Yes,0,No
ID0651,33,34393.32,117.44,3408.7,12,3,No,0,No
ID0652,22,47531.35,59.82,6526.53,43,2,No,1,Yes
ID0653,52,31660.16,73.38,7263.31,51,3,No,0,Yes
ID0654,29,33928.92,47.65,2026.05,37,4,Yes,1,Yes
ID0655,42,49846.16,84.97,1002.3,46,4,Yes,0,Yes
ID0656,69,36635.79,55.26,7080.13,53,4,No,0,Yes
ID0657,38,58377.04,48.63,3420.54,13,4,Yes,1,Yes
ID0658,53,64473.25,76.49,4563.21,54,1,Yes,0,Yes
ID0659,40,70029.33,30.5,7760.49,57,4,Yes,0,Yes
ID0660,33,40007.51,30.69,999.24,4,3,No,0,No
ID0661,56,38374.13,49.72,5362.39,49,2,No,0,No
ID0662,62,35228.39,33.3,1055.79,7,3,Yes,0,Yes
ID0663,59,61821.51,39.72,3316.02,11,4,Yes,1,No
ID0664,56,65323.79,60.5,6528.61,54,1,Yes,1,Yes
ID0665,31,31579.31,102.23,3751.04,45,4,Yes,0,Yes
ID0666,48,76810.61,81.48,7978.87,23,2,Yes,1,No
ID0667,22,32598.56,76.14,4692.94,28,3,No,1,Yes
ID0668,52,57064.82,56.41,2908.72,57,2,Yes,1,Yes
ID0669,40,65453.03,113.86,2150.83,26,2,Yes,0,Yes
ID0670,46,73548.46,65.73,3128.9,25,2,Yes,0,Yes
ID0671,60,65704.35,37.84,3294.0,54,3,No,0,Yes
ID0672,28,70086.4,85.54,1015.35,29,4,No,1,Yes
ID0673,35,46972.51,40.25,3271.81,36,2,Yes,1,Yes
ID0674,64,70741.26,61.07,3981.79,14,3,No,0,No
ID0675,29,34005.74,75.67,5920.53,35,1,No,0,No
ID0676,26,74740.83,108.68,5425.47,30,3,No,1,Yes
ID0677,27,57379.62,74.42,5815.74,17,1,No,1,No
ID0678,61,70864.89,93.2,562.73,67,3,No,0,Yes
ID0679,34,52615.91,119.35,2132.51,30,4,No,1,Yes
ID0680,55,62178.88,41.83,5462.63,45,2,Yes,1,Yes
ID0681,24,56320.13,54.73,4129.92,51,4,No,1,Yes
ID0682,63,66579.48,65.51,539.85,47,3,No,1,No
ID0683,30,34081.5,67.96,6533.71,53,2,Yes,1,No
ID0684,57,33017.6,66.99,6296.07,64,1,Yes,1,No
ID0685,59,42355.16,111.68,4613.14,38,3,Yes,1,No
ID0686,26,37977.23,94.26,998.47,64,2,Yes,0,Yes
ID0687,67,73589.18,84.71,6248.86,7,1,No,0,No
ID0688,44,40960.7,57.84,4877.85,22,1,No,1,Yes
ID0689,19,78793.26,104.14,6364.7,41,4,No,1,Yes
ID0690,22,46844.79,115.96,6138.1,10,3,No,1,No
ID0691,46,39105.9,103.91,6522.52,57,1,Yes,0,Yes
ID0692,54,69484.93,30.14,4385.06,7,2,No,0,No
ID0693,55,62935.39,87.28,1552.43,50,1,No,1,No
ID0694,36,54909.79,34.6,5533.68,52,1,Yes,0,No
ID0695,25,57768.18,53.18,5153.55,33,4,No,1,No
ID0696,65,65960.09,35.36,6066.9,1,4,No,1,No
ID0697,62,41422.74,84.34,1774.11,53,2,No,1,Yes
ID0698,18,79816.7,91.79,1962.31,60,4,No,1,No
ID0699,39,78739.66,40.3,7178.07,34,1,Yes,1,No
ID0700,69,62516.28,64.55,6124.83,4,1,Yes,1,Yes
ID0701,34,39977.12,71.06,7311.71,17,4,Yes,1,No
ID0702,24,64011.41,63.21,6190.36,4,1,Yes,0,No
ID0703,42,33609.92,40.89,4978.66,43,1,Yes,1,Yes
ID0704,62,31532.63,67.71,5406.0,4,2,No,0,Yes
ID0705,21,42884.14,97.61,7168.46,1,4,No,1,No
ID0706,53,53131.15,36.39,4841.05,71,1,Yes,1,Yes
ID0707,23,73413.63,37.22,5242.93,50,4,Yes,0,No
ID0708,48,66358.45,61.93,1673.58,61,2,Yes,0,Yes
ID0709,36,67135.33,114.76,4054.41,35,4,No,1,No
ID0710,61,51274.67,90.17,5872.98,8,1,Yes,0,No
ID0711,56,47296.75,91.08,2532.07,24,4,No,1,No
ID0712,44,48551.94,62.57,2016.91,36,1,No,1,Yes
ID0713,27,79382.48,83.43,2853.7,50,1,No,0,No
ID0714,43,32005.46,30.91,2311.25,43,1,No,0,Yes
ID0715,36,73351.57,87.25,2111.84,27,2,Yes,0,No
ID0716,56,58933.77,112.2,3686.38,32,4,No,0,No
ID0717,20,51930.77,85.13,7308.79,18,2,No,1,No
ID0718,62,66262.88,108.63,4302.95,28,4,Yes,0,No
ID0719,30,54333.45,95.16,1909.4,29,2,No,0,No
ID0720,67,73671.16,40.85,1077.29,16,3,No,0,Yes
ID0721,45,75035.09,111.22,5721.17,47,1,No,0,Yes
ID0722,37,51086.05,35.98,3370.99,59,1,Yes,0,Yes
ID0723,45,43841.39,78.06,6663.73,31,2,No,1,No
ID0724,25,59617.52,42.79,5446.33,4,3,No,1,No
ID0725,58,75618.17,31.05,6471.81,37,1,Yes,0,Yes
ID0726,56,40533.11,67.98,2539.6,17,4,Yes,0,No
ID0727,18,61148.33,56.55,5692.69,39,2,No,1,No
ID0728,20,61578.01,73.74,2480.46,48,1,No,0,No
ID0729,30,66655.65,81.95,7543.01,46,1,Yes,1,Yes
ID0730,45,36578.38,33.94,5272.81,48,2,No,1,Yes
ID0731,66,65791.25,41.07,2933.84,39,2,Yes,0,Yes
ID0732,42,75451.63,80.28,2521.34,4,4,No,1,Yes
ID0733,50,38984.16,60.89,1931.95,30,4,Yes,0,Yes
ID0734,55,41877.17,95.63,5709.81,30,1,No,0,No
ID0735,23,78569.75,88.71,2140.37,22,1,Yes,1,No
ID0736,61,39048.85,106.1,4964.77,66,2,Yes,1,No
ID0737,62,72719.25,92.32,2484.76,12,1,Yes,0,No
ID0738,49,54613.89,68.69,5464.77,36,1,Yes,1,Yes
ID0739,62,42361.55,90.57,6612.05,18,2,Yes,0,Yes
ID0740,64,73537.5,54.78,6335.19,53,1,No,1,No
ID0741,38,52265.26,57.57,6206.38,71,1,No,1,Yes
ID0742,33,55740.87,101.01,1907.92,1,3,Yes,0,No
ID0743,38,47961.67,70.18,1162.89,58,4,No,0,No
ID0744,28,59647.54,101.85,5742.12,6,2,No,0,No
ID0745,54,38176.19,104.02,3262.6,70,3,No,1,No
ID0746,53,49554.08,107.18,3742.6,44,4,No,0,Yes
ID0747,52,78470.62,112.5,733.62,24,4,No,0,No
ID0748,36,42906.67,68.79,2446.82,19,4,No,1,Yes
ID0749,37,62836.83,58.7,752.57,18,3,Yes,1,No
ID0750,35,46259.5,82.4,7093.89,30,3,No,0,No
ID0751,64,68673.66,63.41,2325.48,42,4,No,0,No
ID0752,58,36543.68,84.1,4680.03,33,1,No,0,No
ID0753,66,78491.05,93.5,792.34,12,1,Yes,0,Yes
ID0754,31,52689.48,91.96,5501.36,27,3,No,1,No
ID0755,32,41802.52,63.71,2922.71,39,3,No,1,Yes
ID0756,48,33674.84,45.02,7234.39,9,3,No,0,No
ID0757,18,38487.9,68.75,7160.89,21,4,Yes,0,No
ID0758,20,55988.7,42.83,2939.68,29,1,No,0,No
ID0759,33,46850.16,110.11,7257.21,33,3,Yes,1,Yes
ID0760,40,71444.17,61.13,7971.18,62,3,No,0,No
ID0761,28,51544.38,43.9,6690.62,15,2,Yes,0,No
ID0762,29,42435.71,32.29,6836.54,2,4,Yes,1,No
ID0763,27,60857.25,88.12,2367.57,52,2,Yes,1,No
ID0764,49,65338.86,87.32,4825.27,44,1,No,0,No
ID0765,33,38352.1,60.65,1004.42,54,2,Yes,0,Yes
ID0766,25,38380.96,36.45,1211.88,18,2,Yes,1,Yes
ID0767,55,31833.57,66.87,7991.69,3,2,Yes,0,No
ID0768,29,66820.1,58.01,2949.79,7,4,Yes,0,No
ID0769,41,63190.23,90.94,6111.38,43,1,No,1,Yes
ID0770,45,53731.54,84.52,6549.99,38,2,No,1,No
ID0771,25,72208.52,62.81,6935.17,37,4,No,1,Yes
ID0772,45,70283.51,49.61,7982.21,58,1,No,0,No
ID0773,53,59267.72,118.92,2311.22,33,3,Yes,1,No
ID0774,43,73413.56,70.86,802.63,59,2,No,1,Yes
ID0775,25,40292.06,91.94,3583.94,11,1,Yes,0,No
ID0776,67,35595.98,42.65,1475.61,68,2,No,0,Yes
ID0777,45,43487.48,73.7,668.19,68,3,No,1,Yes
ID0778,45,32854.34,32.48,3203.2,22,1,No,1,Yes
ID0779,54,56558.48,75.49,6378.04,66,4,Yes,0,No
ID0780,58,76830.28,116.76,4746.36,44,1,No,0,Yes
ID0781,53,31967.18,64.58,2845.83,6,4,No,1,Yes
ID0782,44,36105.5,33.51,5407.57,42,1,No,1,No
ID0783,34,52609.95,32.79,2240.14,25,4,Yes,0,No
ID0784,26,76693.75,64.92,607.86,57,3,No,1,No
ID0785,50,45807.81,44.4,6232.65,55,3,No,0,No
ID0786,37,55361.74,32.1,5178.07,16,3,Yes,1,No
ID0787,30,32078.64,98.06,6217.27,14,1,Yes,0,No
ID0788,45,37417.16,71.27,792.04,39,3,No,0,Yes
ID0789,65,79331.51,56.03,6778.4,28,2,No,1,No
ID0790,46,78255.93,111.01,5146.45,51,3,No,1,Yes
ID0791,30,30247.0,40.45,4725.47,49,4,Yes,0,No
ID0792,63,77590.59,116.03,5184.61,9,4,Yes,1,Yes
ID0793,52,61956.0,58.26,6983.25,58,4,Yes,1,Yes
ID0794,23,73395.91,109.96,4902.02,45,1,No,1,No
ID0795,35,52736.99,84.26,4857.13,22,2,Yes,0,No
ID0796,68,55779.8,104.4,7930.09,32,3,No,1,Yes
ID0797,22,54442.33,118.56,6175.48,69,2,Yes,1,No
ID0798,64,63343.21,55.96,3817.2,69,2,Yes,0,No
ID0799,42,36982.56,116.5,5805.48,42,4,Yes,1,Yes
ID0800,19,31498.68,65.05,3419.23,53,4,No,1,Yes
ID0801,27,45396.5,64.7,2216.57,59,4,No,0,Yes
ID0802,47,65234.04,60.63,4976.39,39,1,No,0,No
ID0803,67,40092.67,78.73,7461.37,15,2,No,1,No
ID0804,62,63671.62,43.87,7468.55,71,2,Yes,1,No
ID0805,22,78495.6,79.83,3064.29,29,1,No,0,No
ID0806,50,34695.04,78.75,4457.58,3,1,Yes,0,Yes
ID0807,18,63630.11,98.57,2087.27,10,1,No,1,No
ID0808,35,52187.51,105.03,7967.23,29,2,No,1,Yes
ID0809,49,73407.11,69.64,7858.38,35,2,Yes,1,No
ID0810,64,38857.49,57.21,5371.32,6,4,Yes,0,No
ID0811,66,64631.3,53.34,6533.11,12,4,No,1,Yes
ID0812,28,71905.76,47.52,5863.25,38,2,No,0,No
ID0813,38,77230.71,35.19,4948.69,19,4,Yes,0,No
ID0814,43,64162.4,60.82,900.11,67,1,Yes,0,Yes
ID0815,42,54858.74,54.32,3910.73,8,3,Yes,1,No
ID0816,39,60892.36,116.98,5560.9,8,4,Yes,1,Yes
ID0817,44,73445.25,80.19,5581.49,47,2,Yes,1,Yes
ID0818,66,58530.49,61.25,3298.42,4,4,No,0,Yes
ID0819,30,31519.35,82.24,7562.69,51,4,No,1,Yes
ID0820,50,76547.43,42.53,1755.18,67,4,No,0,No
ID0821,51,64476.34,69.96,4252.7,45,3,No,0,No
ID0822,58,63825.67,86.36,5681.63,8,1,Yes,0,No
ID0823,52,40783.76,74.0,5728.52,16,2,Yes,0,Yes
ID0824,18,62944.27,66.16,5364.79,67,3,Yes,0,No
ID0825,38,49693.22,119.45,2564.66,9,2,No,0,No
ID0826,65,62561.65,109.23,1671.55,60,2,Yes,1,No
ID0827,23,35329.65,86.11,5269.55,71,2,Yes,0,No
ID0828,45,62892.27,81.24,4994.77,15,3,No,1,Yes
ID0829,34,79970.69,85.86,1845.17,71,1,No,0,Yes
ID0830,22,32410.6,48.12,5788.54,41,2,No,1,No
ID0831,48,78858.71,65.56,3913.79,22,1,Yes,1,Yes
ID0832,22,50345.4,33.55,5508.2,24,1,Yes,1,No
ID0833,55,73537.67,72.8,6780.25,44,4,No,1,No
ID0834,20,69119.27,78.87,1772.96,1,3,No,0,No
ID0835,40,58350.81,50.5,643.59,10,3,Yes,0,Yes
ID0836,54,66922.46,116.76,6343.27,56,4,No,0,No
ID0837,54,73925.78,111.85,5072.73,50,4,Yes,0,Yes
ID0838,27,50207.02,94.99,5747.3,12,1,No,1,Yes
ID0839,27,46351.66,78.0,6786.16,60,2,No,1,No
ID0840,36,63379.67,108.3,6521.08,26,3,No,1,Yes
ID0841,34,70392.3,41.76,7706.9,41,2,Yes,0,Yes
ID0842,38,68114.26,101.15,4519.51,36,2,Yes,1,No
ID0843,31,69890.68,41.23,4163.72,23,4,No,0,Yes
ID0844,26,51779.17,101.48,3514.15,43,2,Yes,1,Yes
ID0845,63,70891.71,54.82,1652.68,6,1,No,1,No
ID0846,18,36010.45,108.94,4794.55,69,4,No,1,No
ID0847,68,57224.45,114.96,2577.59,43,2,Yes,1,Yes
ID0848,62,30287.93,43.39,7409.81,25,4,Yes,1,No
ID0849,30,46229.29,71.64,4873.93,18,1,Yes,0,No
ID0850,21,48323.08,118.29,4946.3,62,1,Yes,1,Yes
ID0851,18,49808.63,73.51,3161.93,13,2,No,0,Yes
ID0852,66,64773.36,107.72,889.92,43,4,Yes,0,No
ID0853,57,49427.91,82.99,738.08,28,2,Yes,0,Yes
ID0854,49,52434.68,63.78,3675.01,18,2,No,0,No
ID0855,51,41877.21,55.72,1134.24,59,4,No,0,No
ID0856,45,48662.59,48.29,5051.35,60,2,No,0,Yes
ID0857,48,41363.48,98.56,7107.3,63,1,No,0,Yes
ID0858,25,33659.8,64.79,7121.86,57,4,Yes,0,No
ID0859,56,60172.43,76.01,5442.84,51,4,Yes,1,No
ID0860,43,63410.64,74.31,2084.24,56,4,No,1,No
ID0861,51,60974.52,81.96,6972.48,27,4,No,0,No
ID0862,20,53174.7,107.9,7145.7,32,2,Yes,0,Yes
ID0863,67,48989.29,118.27,1974.9,9,2,Yes,0,No
ID0864,29,73166.68,66.68,6030.7,68,1,Yes,1,Yes
ID0865,18,55954.09,104.48,2648.9,46,3,Yes,1,Yes
ID0866,61,53959.09,98.81,6519.8,67,3,Yes,0,No
ID0867,22,31282.1,81.62,7979.28,26,1,No,0,Yes
ID0868,47,47062.39,116.04,725.2,8,3,No,1,Yes
ID0869,47,49009.78,48.04,7230.24,6,1,No,1,No
ID0870,34,49941.14,39.83,5169.73,24,2,No,0,Yes
ID0871,65,59008.62,106.86,7800.37,48,4,Yes,0,Yes
ID0872,64,56680.13,69.52,3987.57,45,4,No,0,No
ID0873,40,60395.25,106.23,6855.41,13,2,Yes,0,No
ID0874,32,68244.16,110.38,967.96,69,4,Yes,1,No
ID0875,54,70649.29,35.62,3014.59,25,4,Yes,1,No
ID0876,38,65906.15,109.51,1002.62,20,3,Yes,0,No
ID0877,31,77776.18,70.35,7815.07,66,2,Yes,0,No
ID0878,19,30911.63,75.94,6627.3,45,3,Yes,0,No
ID0879,28,39788.9,86.39,6894.11,47,3,Yes,1,Yes
ID0880,68,30378.14,113.37,7534.74,63,4,No,0,Yes
ID0881,56,62373.74,31.72,1138.28,55,4,Yes,0,No
ID0882,55,74901.53,72.92,3391.98,19,2,No,0,Yes
ID0883,51,42174.11,91.89,1032.76,35,4,No,1,Yes
ID0884,55,76351.73,95.04,2080.95,53,4,Yes,0,No
ID0885,67,33013.37,92.33,2220.24,26,2,Yes,1,Yes
ID0886,51,76721.8,42.1,4018.3,14,4,No,0,No
ID0887,35,47581.13,56.95,2514.22,45,3,No,0,Yes
ID0888,47,35071.04,62.28,1257.34,44,2,No,0,No
ID0889,32,54293.59,102.4,1756.18,65,4,No,1,Yes
ID0890,44,42838.83,55.09,1604.57,51,1,Yes,0,Yes
ID0891,68,44243.65,48.96,7798.08,43,2,Yes,0,Yes
ID0892,51,45364.5,116.17,6194.69,23,2,Yes,1,No
ID0893,69,70151.29,30.8,7758.21,56,1,No,1,Yes
ID0894,55,56958.06,119.8,3798.05,19,4,Yes,1,Yes
ID0895,50,45565.38,90.91,2587.76,55,4,No,0,No
ID0896,41,60516.69,104.56,6487.2,60,2,Yes,1,No
ID0897,32,65807.53,56.52,2946.9,59,2,No,0,Yes
ID0898,47,43631.2,31.29,2745.38,33,4,Yes,1,Yes
ID0899,59,50677.46,96.41,2243.79,19,4,Yes,1,Yes
ID0900,68,36094.3,105.07,1472.59,28,3,No,1,Yes
ID0901,34,39057.47,96.64,2423.47,52,2,No,0,No
ID0902,22,64055.89,42.86,3164.9,49,2,No,0,Yes
ID0903,46,39071.92,97.81,5554.96,37,1,No,0,Yes
ID0904,21,56258.17,99.2,969.24,26,3,No,0,No
ID0905,27,65452.31,89.27,2078.8,40,4,Yes,0,Yes
ID0906,34,35343.85,98.95,6567.68,38,3,No,0,Yes
ID0907,27,58365.61,106.13,1601.91,54,4,Yes,0,Yes
ID0908,34,42828.14,85.22,3069.84,22,4,Yes,0,No
ID0909,37,78146.34,37.97,6984.94,16,3,Yes,0,No
ID0910,41,54177.28,73.89,1661.94,28,2,Yes,1,Yes
ID0911,22,70299.63,36.99,1120.53,35,4,Yes,1,Yes
ID0912,51,57511.33,66.68,4134.03,60,3,No,0,No
ID0913,23,32170.63,66.64,2768.15,45,1,No,0,Yes
ID0914,19,61657.57,35.94,4725.56,46,3,Yes,0,Yes
ID0915,30,77570.17,61.39,6528.54,55,1,Yes,0,No
ID0916,60,60080.59,39.99,1528.61,26,4,No,1,No
ID0917,60,70959.44,102.74,4855.24,25,3,No,1,No
ID0918,65,74210.32,115.29,4291.32,65,3,Yes,0,Yes
ID0919,28,41403.99,36.51,1580.59,6,1,No,1,Yes
ID0920,68,40602.24,115.96,5179.99,23,3,No,1,Yes
ID0921,64,60549.05,77.03,2552.3,64,3,No,0,Yes
ID0922,40,50551.42,56.96,4158.76,43,4,Yes,0,No
ID0923,33,71993.07,36.92,1117.04,23,3,No,0,Yes
ID0924,48,75001.16,75.06,3946.88,30,2,Yes,0,Yes
ID0925,28,47671.07,101.51,2798.48,18,1,Yes,1,No
ID0926,33,41843.53,93.64,6667.86,21,3,Yes,0,No
ID0927,25,69026.28,34.52,927.34,57,1,Yes,1,Yes
ID0928,21,43740.3,36.56,3639.55,23,1,Yes,0,No
ID0929,57,71130.72,66.26,3938.24,45,1,No,1,No
ID0930,21,51186.91,56.58,5937.55,44,3,Yes,0,Yes
ID0931,42,63377.49,50.91,4807.16,47,3,Yes,0,Yes
ID0932,20,34776.77,55.29,5504.09,40,1,Yes,1,Yes
ID0933,49,61192.97,102.31,6327.87,51,2,No,1,Yes
ID0934,20,52588.38,113.63,6966.52,42,1,No,1,No
ID0935,44,59330.42,66.46,2854.07,7,2,No,0,No
ID0936,46,38400.71,111.55,4535.17,50,1,No,1,Yes
ID0937,49,66843.69,58.93,6800.81,48,4,No,1,Yes
ID0938,67,73139.85,72.88,7920.88,6,1,No,1,No
ID0939,68,40836.99,50.34,7171.39,9,1,No,1,Yes
ID0940,36,34785.73,87.64,3286.0,57,3,Yes,1,Yes
ID0941,38,31181.93,118.11,1963.75,31,2,Yes,1,Yes
ID0942,22,62098.58,84.31,4170.44,21,4,No,1,Yes
ID0943,35,60354.7,62.2,6062.31,40,2,Yes,1,No
ID0944,45,57334.87,88.3,4194.27,45,4,Yes,1,Yes
ID0945,59,41597.35,41.06,4123.86,49,1,No,0,No
ID0946,39,49545.3,109.98,6786.73,20,3,Yes,0,Yes
ID0947,38,59723.82,75.28,3210.53,17,3,Yes,1,Yes
ID0948,23,54838.34,70.44,6948.46,28,2,No,0,No
ID0949,18,79389.28,82.73,3551.04,41,3,Yes,0,Yes
ID0950,22,36821.99,86.23,2961.75,66,2,No,1,No
ID0951,58,64757.23,36.46,3904.92,25,2,No,1,Yes
ID0952,29,50215.94,91.44,6218.35,58,4,Yes,1,Yes
ID0953,43,51409.98,51.77,1445.02,41,2,Yes,1,Yes
ID0954,63,65879.89,94.26,1973.14,6,4,Yes,1,Yes
ID0955,51,64621.81,104.03,7635.84,38,3,No,1,Yes
ID0956,66,79562.8,102.36,1816.19,6,2,No,0,No
ID0957,31,36419.71,79.73,4757.95,45,2,No,1,No
ID0958,43,35205.48,76.82,4844.86,14,1,Yes,0,Yes
ID0959,62,66216.94,42.86,4172.18,66,2,Yes,1,Yes
ID0960,44,58919.35,99.78,5335.59,40,2,No,1,No
ID0961,26,43708.03,54.43,2223.7,3,1,Yes,0,No
ID0962,43,33970.97,74.7,4644.97,24,1,Yes,1,Yes
ID0963,64,34282.91,55.58,3291.3,19,3,No,1,Yes
ID0964,39,74709.54,42.04,5462.5,18,2,No,0,No
ID0965,64,39593.37,86.66,1559.18,64,3,Yes,1,Yes
ID0966,47,46168.58,34.89,4781.58,35,3,No,0,No
ID0967,60,41332.82,97.38,1889.53,62,1,Yes,1,Yes
ID0968,65,47749.82,58.58,2589.82,1,4,No,1,No
ID0969,34,33471.19,30.01,2140.32,25,3,No,0,No
ID0970,43,55952.99,76.0,1871.28,45,4,No,1,Yes
ID0971,53,33380.63,34.22,6692.83,49,2,Yes,0,No
ID0972,18,70017.83,54.86,2642.81,16,1,Yes,0,Yes
ID0973,25,41685.6,93.63,7453.43,19,2,No,0,Yes
ID0974,66,57000.6,35.64,7774.45,23,2,No,1,Yes
ID0975,52,74003.95,105.54,4784.45,25,1,No,1,Yes
ID0976,69,62543.87,30.34,1572.51,16,2,Yes,0,No
ID0977,32,56647.89,52.21,3309.11,54,1,No,1,Yes
ID0978,64,46216.69,96.68,6482.99,1,4,No,1,Yes
ID0979,39,46650.1,58.46,3255.43,42,2,No,1,Yes
ID0980,31,63474.35,39.17,1152.63,19,1,No,0,Yes
ID0981,43,79706.97,62.42,4675.89,34,3,Yes,1,No
ID0982,45,63091.96,54.34,6838.41,55,2,Yes,0,Yes
ID0983,40,57889.17,105.84,6469.45,18,4,No,1,No
ID0984,31,66532.53,58.2,1813.42,34,1,Yes,1,No
ID0985,41,53260.28,101.0,5545.73,45,2,Yes,0,No
ID0986,19,33007.12,110.27,2153.78,6,2,Yes,1,Yes
ID0987,62,58114.84,69.04,2136.56,21,2,No,0,Yes
ID0988,43,77881.26,111.89,7055.54,70,4,Yes,1,Yes
ID0989,31,38765.15,63.96,2372.52,48,1,Yes,0,Yes
ID0990,68,64500.24,116.77,2474.36,39,3,Yes,1,No
ID0991,24,40046.68,38.04,504.9,31,3,No,1,No
ID0992,20,56791.38,91.83,7030.02,10,3,No,1,Yes
ID0993,64,34833.82,74.44,6444.46,30,1,Yes,0,Yes
ID0994,40,52518.55,64.89,5204.97,18,3,Yes,0,Yes
ID0995,63,67808.17,86.94,6126.99,60,4,No,0,Yes
ID0996,60,47378.58,93.35,1640.36,15,1,No,1,Yes
ID0997,64,63245.59,30.39,3937.43,4,2,Yes,0,Yes
ID0998,62,69772.5,45.03,3134.15,63,4,Yes,0,Yes
ID0999,35,76358.89,94.17,1203.32,40,2,No,0,No
ID1000,55,41732.1,89.97,4145.98,9,3,No,0,No
